"game_id","wordtype_all_pct_95p_mc_90score_1yr","wordtype_all_pct_95p_mc_90score_2yr"
516505,NA,NA
531290,0.174570848515844,0.176017244090345
605302,0.09489303890199,0.0930853868955085
605579,0.241156465444785,0.236629719716632
605601,0.163846384103808,0.175250408651132
605604,0.364503422614985,0.392874625072462
605975,0.232751701895287,0.272851105431888
605976,0.313931508114829,0.32706078082303
605993,0.360015757267174,0.392577540623953
606288,0.155126306998506,0.147071806219357
606544,0.19815624749381,0.241866685975564
609595,0.350143524653266,0.396162365939052
611500,0.311397509821619,0.323912666298694
611664,0.21086369598666,0.271956259190515
611671,0.276380660199529,0.255907812164686
612247,0.170528937996933,0.188972889046391
614208,0.165182110424724,0.156815650739677
614909,0.259378237451977,0.285809214574199
615288,0.280392200282874,0.295432156496096
615426,0.268015384849062,0.338239007410886
615699,0.226246595897627,0.227336164166299
615816,0.333845608944961,0.3321423896236
618245,0.251551830399907,0.250053552764861
618770,0.353448338328114,0.338728107168371
621796,0.323602859383478,0.32444544493559
622414,0.353448338328114,0.335756807982684
625218,0.193528249929046,0.185376735354941
625528,0.345493745514239,0.341405841384817
625933,0.193718797517156,0.191269281018654
626268,0.336106998496763,0.367679515548393
626631,0.390296008028943,0.423534901377797
628136,0.193884246090909,0.225928212423292
628357,0.180920941747403,0.187544106528376
631685,0.269902779484473,0.297550355322596
631936,0.319826061920612,0.30435933327361
632145,0.38024307115964,0.403292795078875
632513,0.0783410658149276,0.0710023871403842
632705,0.381102780797659,0.39835173996304
632874,0.230312835966846,0.230560661915513
632899,0.261136886049759,0.252058474348364
632900,0.220476256050992,0.257930125444794
633400,0.210235332491055,0.21279812621133
634491,0.309945791736831,0.301536104744964
636040,0.233353340478779,0.270788122177314
640253,0.355926522971004,0.343631271172294
640643,0.198654975819348,0.199587359876695
640660,0.44765205984615,0.454944283888132
643006,0.362058202948224,0.413584833496757
644272,0.249196810877881,0.328573290274961
647136,0.364708883576419,0.371938561661457
648826,0.135690706310552,0.141426703283694
649270,0.37670493528346,0.380217496567227
651559,0.277607461316868,0.277560046718695
652686,0.30934925186243,0.3739500730119
652988,0.211405229995189,0.2021141857768
652999,0.405973909032113,0.440736609004914
655774,0.256709881949108,0.308333333333333
664240,0.359228487238987,0.396970058408348
666508,0.190835187581222,0.178296841520229
667703,0.387000756140678,0.388134914430267
669884,0.381880518800121,0.438538255371137
670379,0.311826258608377,0.354907962264295
670455,0.101536595302065,0.0956672935451209
672705,0.269832034448455,0.292213952964947
672717,0.367144053569375,0.3747718697663
672893,0.35008846815816,0.340846849376914
673455,0.126220180256107,0.125562568712344
680069,0.218745807106204,0.242975024941037
681534,0.254624006640754,0.231062395271222
683105,0.372234172049638,0.386131643005967
683187,0.313184827100086,0.321729221372344
684836,0.26361790204804,0.332101209726762
691870,0.282385513471806,0.323011228509056
695534,0.265982035461913,0.287915948382912
696965,0.175306283165113,0.171136258716903
700994,0.41613644184538,0.486785923610987
703246,0.363842488353943,0.331364648076002
704458,0.245222626683367,0.245567303655112
705969,0.136097057145206,0.140126926589986
707754,0.25790007050969,0.309087610112318
710576,0.268144103989257,0.354193920520007
715207,0.206231370439488,0.230332446768971
717342,0.29969305359075,0.288479318947333
720002,0.211105925277171,0.178333982827063
721166,0.166755769408486,0.171059425521381
722936,0.158880374716086,0.188147571713034
723569,0.244804162575281,0.289686915282688
727962,0.267200768726468,0.300768247096561
728005,0.146204444682678,0.138847423329258
730735,0.0893898413424288,0.10457667466632
735149,0.274075483931013,0.309431748335921
739464,0.33408400970612,0.340247714899368
739681,0.0847877770445141,0.0937719803840309
762884,0.299469583736713,0.305351811604535
763436,0.276108362177604,0.310658969919692
768265,0.332516116833433,0.345929469305685
809372,0.245880342559431,0.282703140439239
813891,0.14253932901996,0.219880220341631
826286,0.125988157669743,0.185093803395666
926309,NA,NA
926596,0.296850306448624,0.328469340870815
926821,0.130410132739325,0.130410132739325
926934,0.276339711883103,0.276339711883103
926982,NA,NA
928006,0.322200489425578,0.3404415247893
928235,0.144004608221196,0.144004608221196
928326,0.156772360333924,0.156772360333924
928332,0.0678844233302131,0.0678844233302131
928376,0.277913246099792,0.306842519045362
928519,0.24325212770526,0.24325212770526
928546,0.342462338451677,0.390587983337595
929179,NA,NA
929198,0.349910114203837,0.377887423460893
929232,0.289914754401696,0.289914754401696
929914,0.322468812727642,0.345597678245788
930036,0.31101990184243,0.318463088264371
930085,0.208422845783825,0.204471724429709
930144,0.23827153966556,0.237742505969063
930278,0.177256044178549,0.202962506140166
930280,0.158320163439266,0.145986373720362
931221,0.270868169442981,0.249222393139613
932031,0.279958589070246,0.28433488207928
932117,0.253795662542294,0.247901715545304
932363,0.0695608343640253,0.0695608343640253
932470,0.13798683116522,0.13798683116522
932520,0.223342643141816,0.244390454838327
932594,0.255124983873492,0.255124983873492
932673,0.211075181713857,0.211075181713857
932853,0.179460634019388,0.182304703495058
932882,0.206290742201171,0.247446636362446
932914,0.229751874320245,0.229751874320245
932984,0.284097576410727,0.303816685919942
933007,0.147441956154897,0.167878616308524
933037,0.151748866717701,0.166563422732664
933078,0.410260968064468,0.445000212468059
933119,0.187276436766925,0.2043513285468
934380,0.205686969114845,0.20800121019238
934443,0.182574185835056,0.18161816175563
934872,0.25842331298792,0.242125688880637
935677,0.208876104552771,0.213663693483576
935895,0.0897435897435897,0.0897435897435897
936034,0.279608292625388,0.265416536204695
937715,0.181488502160157,0.19854660972909
937748,0.202081924160471,0.219653466885681
938028,0.271078639062712,0.303427379069621
938068,0.297104907947763,0.267142058322335
938207,0.0387637666101111,0.0565558188669259
938400,0.406642504814442,0.4419375269387
938508,0.376377046955938,0.3656207272964
938877,0.222593521098059,0.243515090133257
938954,0.3209366406449,0.344770975025987
939097,0.330916290811477,0.324484210578269
939336,0.31078838210609,0.337360016357044
939405,0.3667736167694,0.344088775768988
939413,0.136476502874326,0.148289254714725
939451,0.217295461011579,0.261557239459949
939458,0.16431381633604,0.18045767067586
939462,0.355621588995083,0.423962211250001
939465,0.431498372669882,0.418200204396154
940567,0.178287395580168,0.19508920054336
941882,0.33432865753527,0.35191521990707
941951,0.294114359796546,0.298843994347466
941960,0.216671721458714,0.211856995767283
942006,0.232162738114671,0.223290785713627
942025,0.344062139902961,0.355515381570384
942059,0.325401376806705,0.330319451400419
942198,0.0485213981060035,0.0640207722775029
942280,0.174081876173547,0.169144050921601
942282,0.228515472449515,0.213347095168842
942291,0.221678883972936,0.220693854343563
942350,0.179772702989973,0.177092796241131
942420,0.169664082183855,0.212320324227145
942874,0.305534888939526,0.315674210912336
942937,0.190335348556645,0.22673853295678
942955,0.178159484050881,0.143405857192429
942960,0.34719086249073,0.343571517082873
943273,0.384761972467289,0.397024037306955
943397,0.383863883950829,0.430999574698034
943494,0.237047394462888,0.262446328369249
943495,0.212732480916187,0.216366827350663
943500,0.25954848639452,0.259650003019336
943672,0.355045668298258,0.349895252928522
943679,0.277825419966238,0.242243058361245
943732,0.294265254151752,0.29210145471466
943806,0.514059641200298,0.514166455119172
943928,0.329414893156763,0.342350863367172
943951,0.278502673913143,0.337862314258673
944089,0.158066902207201,0.127565317645189
944568,0.290312762741674,0.290091694552323
944706,0.362185738995977,0.382100011520956
944924,0.273523803234674,0.294384552539451
945121,0.19943550550697,0.223484396428291
945905,0.258332483942209,0.288239217396942
945943,0.25562163329696,0.268063265328851
946162,0.270708481723518,0.27211023406519
946208,0.183800215407869,0.186418661791668
946345,0.288806457475208,0.327603636964433
946617,0.316227766016838,0.332386654053452
946788,0.279026169826911,0.308886753910715
948959,0.408615802075744,0.414707168384604
950186,0.272392592282877,0.302940098870343
950874,0.323098662411114,0.336976907474409
950878,0.287587842088802,0.307346847100896
950897,0.227990880547164,0.231199891501939
950940,0.219107282703144,0.237471224893017
950974,0.237954317156238,0.244050427294764
951867,0.154979448340259,0.16275757169806
951897,0.15224307928207,0.201162303308056
952337,0.336349343830121,0.339706018078803
952370,0.318816012253932,0.346676938728144
952373,0.361665477519092,0.365103008702793
952493,0.291693063434289,0.306159862244848
952594,0.417554901259587,0.439930192651742
952858,0.332782282609888,0.355925664680331
954263,0.224421485755455,0.235520601593658
954855,0.241542797242818,0.245859542626567
955120,0.263401843147407,0.291487641876378
955125,0.275889984222539,0.293413413439444
955480,0.217921308080575,0.267834821053805
956191,0.201870824226745,0.216432236004199
956856,0.359944176252537,0.359818702018054
957923,0.0933583619158776,0.073034311580389
957984,0.016235499169364,0.0427237305119136
957999,0.321749283302355,0.326892193649483
958268,0.222469548088666,0.231489190568085
958890,0.316145934095093,0.304186144380609
958956,0.377769050771632,0.413518406471828
959196,0.239956608424131,0.285071852921299
959216,0.24772456712268,0.237137067818817
959272,0.270289851406938,0.261114533112034
959942,0.182510890916934,0.187673766895805
960116,0.367700475271288,0.36836476166126
960171,0.309054576683715,0.309017105615835
960216,0.506402679867293,0.509571253631409
960403,0.386998526892911,0.425685752583455
960443,0.381099173015693,0.377569039186942
960494,0.164292465429743,0.182207573798179
960509,0.180952873341822,0.195442064142509
960554,0.295012275813529,0.321362469318163
960633,0.166186496649351,0.218397272009182
960699,0.334320541449824,0.331430976378622
961274,0.25482934139464,0.259992738371358
961275,0.403087443428036,0.398275067225902
961285,0.166018468934338,0.19245847590282
961686,0.357136530375443,0.366422588461049
972053,0.351000013505607,0.38709401855879
974869,0.251447663169894,0.214729641017275
975240,0.291458125716542,0.313296825235544
976418,0.299842475873133,0.295568502391216
976803,0.189907540906208,0.23843309247256
978268,0.28668300906897,0.271810590115511
980491,0.318256091760712,0.334752218286163
981375,0.245671697955136,0.24120046663798
981376,0.17175857622411,0.179424071785136
981379,0.431670812487995,0.432859532226292
988571,0.257931279839622,0.306424938301715
988768,0.282375258728799,0.309653750160107
988809,0.21425466153521,0.211940526642275
989132,0.214903270579245,0.241807759735517
989150,0.176980438982779,0.186289673070191
989945,0.277482432162981,0.288997612161317
991065,0.317168118287272,0.362997020367366
991428,0.392486985981355,0.423491603217638
995071,0.268102481770311,0.257313538884101
996092,0.286411563034795,0.283500857305835
996489,0.21938172723814,0.231761336483622
996557,0.283172929655389,0.287515472052415
997056,0.295211648868532,0.312991624990102
997308,0.212454296786112,0.276625146210591
997663,0.365404830276421,0.384625254416318
997755,0.349519986203608,0.394035792020942
997846,0.237357518528238,0.26532874192728
997926,0.221733658829575,0.220332570067287
997931,0.491467452339879,0.508422362002679
998171,0.255777275730744,0.266766278008045
999091,0.307439450396261,0.303542611830968
999483,0.133713267151852,0.148806887656434
516508,NA,NA
603731,0.395131954597359,0.419480427009224
604077,0.324971005739887,0.309642615060508
604137,0.291261207547508,0.296095406161468
605052,0.353490699682682,0.385382830022921
605150,0.242052577503931,0.23604774401819
605192,0.34930524785533,0.364807639327767
605238,0.0775114903976927,0.0639087183280158
605243,0.30689955216361,0.321605932045199
605254,0.273038274493723,0.282117009137391
605257,0.162824967626151,0.166730117613409
605266,0.312814229104974,0.302900696242158
605273,0.179499120934416,0.178403659888337
605304,0.361110619451287,0.356546522540906
605345,0.16051177997739,0.160048937044495
605501,0.170860376946699,0.198201826954948
605506,0.400372099952356,0.416729555002497
605598,0.219640278641901,0.236412502405567
605724,0.149695952980569,0.147736865467634
605745,0.157464075891241,0.151623753366394
605791,0.317061528084171,0.325810040395514
605800,0.318739405320719,0.338085574483532
605821,0.264874017072226,0.277266797285353
606283,0.34744930907757,0.350922469374008
606286,0.272834865258429,0.26942599244742
606303,0.365177899733341,0.370572929698091
606327,0.435995080389765,0.445618543352039
609164,0.303174688686202,0.313320404670971
609526,0.291262514557094,0.294796751068847
609557,0.093748092709573,0.119173186427507
610121,0.370821626997101,0.35640462608147
610133,0.274031889017407,0.249257403971239
610420,0.312940148167313,0.314636765240083
610675,0.26148062217629,0.263801918732683
610678,0.359336502554897,0.36400590523481
610767,0.239557321474986,0.252777040858102
610876,0.285724405744988,0.291267776721702
611212,0.175708617226097,0.189417950861037
611419,0.223975226145101,0.218329057928336
611501,0.272813592947915,0.319718197287416
611666,0.275719814863598,0.272112179768019
611715,0.276400535999851,0.311666153499093
611857,0.261670508235633,0.251082721618705
611875,0.286013238261511,0.272216260571809
612072,0.296157650768929,0.294209633421845
612079,0.180573125253427,0.178575845321867
612198,0.109024655866608,0.100442172691651
612230,0.205111349201054,0.217086928607787
612410,0.293111342600841,0.277356958035153
614177,0.254964802131865,0.251470262020822
614204,0.356301649999069,0.333346064127499
614508,0.285426203237374,0.309919349826644
614524,0.458818205757805,0.460451888270402
614978,0.391726459883697,0.37651900343592
615370,0.251252191456139,0.262099092502797
615371,0.140656960723722,0.15319927782876
618775,0.373943935315242,0.396458355578277
619503,0.395229376521466,0.4163184893193
619744,0.218537298581312,0.214266151067133
619910,0.120925954704508,0.116318551048042
619946,0.283481264500766,0.272730074300369
620242,0.28405255575086,0.308220837913739
620290,0.470915838636685,0.454132587534731
620506,0.203749779569998,0.217077789034919
620509,0.210907171342806,0.217948472599822
620822,0.126803084611012,0.144482695318983
620823,0.090428704225036,0.088035145443991
620881,0.204227267561865,0.196888225250038
621185,0.402419344380541,0.372570845487938
621206,0.317334701401439,0.323836989517083
621209,0.0923110584841067,0.104428176039645
621309,0.150993688622667,0.165131562041907
621319,0.258504439458025,0.264788695785577
621666,0.237293166461513,0.234056140179691
621801,0.312057460336764,0.304505725038359
622607,0.145091743908454,0.118265921638831
623058,0.288857707023504,0.292649392271632
623294,0.408419656828011,0.427524495302451
623313,0.135717168504374,0.132249807850787
623315,0.226157890100499,0.22825062205803
624516,0.0621723508316828,0.0736589303276511
624548,0.266543227618445,0.289248633125263
625202,0.366947626819277,0.374403472608312
625676,0.467970561929361,0.450421636757695
625684,0.19295718035561,0.169545718401168
625782,0.369674998220102,0.379866520701
625850,0.379534890289408,0.383479856465064
625894,0.413859453560923,0.419206389492753
625926,0.174586487467954,0.19067076548918
625928,0.191908008512375,0.190106662184871
626535,0.199804899408867,0.194960515043114
626633,0.230504641214287,0.224821427405343
627044,0.404080862369292,0.425253229955684
627150,0.289252761604766,0.301780501227651
627224,0.180266202815898,0.202496307150509
627416,0.329142129945305,0.33120787951384
627553,0.25565094227093,0.255784666655101
628015,0.199265415426014,0.210301188639065
628029,0.350448996194742,0.359385500926766
629734,0.13407978774123,0.145723641077883
630107,0.354351580625957,0.343148085287759
630214,0.344298233963108,0.360008279947549
630325,0.446019044669871,0.456682079307448
630363,0.171299669904155,0.210775272156705
630384,0.39817023016086,0.404673459508915
630670,0.233856078720473,0.257060472869361
631928,0.283455961552717,0.285876475672475
632665,0.20254147581877,0.18919011904439
632676,0.395590240267083,0.420387747311331
632689,0.189162816594735,0.201224179539168
632699,0.24918977701355,0.273862591250774
632713,0.245358741675034,0.260514305055884
632801,0.160979155454414,0.163594056917216
632841,0.29690587599915,0.296909375074144
632849,0.440644615491534,0.426113536260501
632871,0.415598968281028,0.414418755482401
632877,0.47017726008445,0.473465372267671
632881,0.449261518014072,0.464311895253748
632882,0.155430877079207,0.160316495419005
632888,0.284216460944836,0.288136403928753
632906,0.301457080288402,0.307146711485021
632923,0.321187794929425,0.324716487190349
632925,0.300405055257521,0.307626145759278
632956,0.283730356944574,0.295351240514735
632976,0.098609111678776,0.108159490037759
633221,0.292137704365899,0.297847632048162
633261,0.23532710272054,0.267880590604305
633402,0.282805752972363,0.277628940604484
634005,0.241145030768771,0.235280291713799
634060,0.322821333485859,0.328810375752512
634344,0.172780960587157,0.208324232450689
634488,0.288812697211435,0.302163070012753
635231,0.301120726039134,0.312556808408461
635632,0.369231366452748,0.381013054630487
635803,0.255902597432867,0.274810641059529
636218,0.386396435772464,0.41022032292416
636542,0.379602207248813,0.374950302579315
637240,0.350150311858819,0.366727708224505
637269,0.187998307183246,0.190371215990138
637289,0.301677243788618,0.305168405740676
637316,0.301971649015704,0.293520935945251
637876,0.306350352663387,0.330513226835092
637912,0.320565189417636,0.329398355723534
638425,0.312832077570392,0.30763667386843
638431,0.252174465252956,0.270603402694202
638784,0.392957496045044,0.394462327828354
639758,0.23752470079932,0.219454755489585
639766,0.224517071271839,0.212518659043616
640103,0.297446339594914,0.309932155277144
640403,0.141497219083432,0.144047820200212
640651,0.333164388383623,0.340948177710723
640837,0.0717327426023236,0.10698224098107
640838,0.269802284990808,0.272458671964345
640857,0.328125944486826,0.314175368476163
641159,0.207481031820563,0.227263914175383
641694,0.434863255453327,0.411140287543588
641697,0.238626959359094,0.231470577103407
641698,0.369234824376591,0.36809311501995
641824,0.238954077162589,0.26255380159722
642666,0.280517423940315,0.274292720904806
643242,0.185252256328332,0.180047228193908
643391,0.269900883324868,0.286250555361497
643664,0.317785966683906,0.343494841832454
644714,0.443405824147888,0.446463662115934
644809,0.353983788931036,0.339756900254522
645833,0.473327620610418,0.521897280450821
645907,0.273991009351405,0.271624995102
646483,0.342857605077957,0.351821893525488
647140,0.35203747984675,0.349597338152599
648086,0.199668645361273,0.209190711432162
648815,0.358690370539843,0.363618279423855
649257,0.262041439531571,0.271621639521358
649286,0.352165200898547,0.351319274722686
650533,0.177298243527208,0.184728782309666
650668,0.388915368233141,0.378151512232692
652997,0.369249544698666,0.373335343368233
655785,0.293753072442261,0.308946839392185
655925,0.209736260427308,0.228827656704113
657326,0.264245050200989,0.277865895700537
657485,0.155935248275704,0.163979593220582
658209,0.288981894714265,0.309954046389765
659949,0.442149403336513,0.477318727893324
660048,0.410655635055685,0.431993127362494
660168,0.201425231497066,0.212080065410733
660641,0.0724601709533059,0.0959225861018649
660672,0.252572536063927,0.233782527865918
660785,0.31645836757051,0.312126763118649
660954,0.0519332802029221,0.0610082079240979
661391,0.191981840642527,0.180990866781593
661938,0.26510344294344,0.279101402210861
662021,0.403069376527961,0.395900216655498
662135,0.189064228020687,0.198555847359159
662411,0.193901107007498,0.190069504919291
662532,0.215053297716605,0.203992858982232
662533,0.413404654938462,0.454483180380498
663926,0.396915023772713,0.40757660110159
664115,0.0711754002483627,0.0915432499252649
664492,0.123397699423177,0.121292587682989
664523,0.275970403895932,0.324763768193291
664713,0.270125781874186,0.269577554015822
664909,0.158454509817794,0.163214312043591
666150,0.436958298689864,0.449505215405906
666403,0.288650079251747,0.330178141554822
666511,0.29535667791158,0.304435919509551
666532,0.216643280267628,0.213800851348705
666759,0.201949072618768,0.228714325566222
667067,0.305565741362244,0.311846688659983
667277,0.296442745838188,0.315254581551465
667501,0.218159722064831,0.231370082499026
667657,0.172877689972791,0.178906597100936
668545,0.0787432469891836,0.0960976237584389
668737,0.0359628204688775,0.054216670719363
668999,0.492078638441492,0.502175780826482
669288,0.349166409356649,0.371399282671679
670460,0.264786231438212,0.285067801798273
670856,0.402254759995822,0.418884145681349
671623,0.367165277645749,0.387501796879115
671773,0.261345270458263,0.251819005875813
672375,0.386613491243358,0.421993272428182
672473,0.384180624428914,0.36706067181788
672622,0.28752170443848,0.282654172207328
672703,0.307345493354131,0.314077217528381
672902,0.436035523392395,0.454528988256296
672904,0.243552480461336,0.230773270811436
672907,0.186003291506314,0.187102312628105
673012,0.158053105038459,0.165118616305443
673025,0.120270866354895,0.14709859511577
673089,0.447714920020651,0.421786078775083
673399,0.0782926408376259,0.0912587895968502
673439,0.187762459529505,0.217189040137911
674096,0.301422552073661,0.305831248234933
674874,0.41322660009214,0.430752525477955
675535,0.257782679406737,0.258615178879525
675735,0.142949958404687,0.161780887019446
676128,0.348496728035582,0.361169495785304
676176,0.432658928174385,0.480107143301364
676466,0.219267780295676,0.238365098444757
676739,0.511054875397289,0.464905614062997
676835,0.0642611065829349,0.0714323547549502
676845,0.468617453514478,0.431476296913276
677163,0.399250756787381,0.438192192105306
677382,0.360522230767934,0.371556823507657
677790,0.419567372878059,0.390846881324576
678115,0.254883587485498,0.249498143306314
678923,0.325766183789945,0.34595110987611
679653,0.208081966917531,0.246231784215456
679656,0.141953989826743,0.188007941365861
680070,0.0733544833388586,0.0991969241554636
681609,0.306010000922883,0.316133515398774
682508,0.345935459492393,0.334975090796038
682514,0.201584364356001,0.202545198979798
682522,0.265927960698027,0.279370434201927
682608,0.371147590297066,0.359150277680071
683181,0.400737762588921,0.44764965159794
684232,0.239166276561688,0.243318454077247
684759,0.119258063046425,0.148695680828284
685538,0.2421298163817,0.235440391106528
685555,0.386404254275787,0.397588425281342
686147,0.413495522067273,0.437336897568575
687862,0.449438183570403,0.454586248753935
687863,0.416259401576615,0.430957314242981
687864,0.392330966506339,0.393578268355706
688499,0.382307691323193,0.377530247223838
689646,0.292870474802899,0.294976209362648
693049,0.346233161359413,0.340719869925288
694897,0.438413098435837,0.430767958843208
695400,0.43334501367229,0.444915361823789
695441,0.392537579543695,0.420326786034588
701792,0.56042825270888,0.516111532924803
702770,0.38557691120637,0.388889941736539
703378,0.489647632537794,0.462535972074566
703414,0.498239312234057,0.497418317597272
703417,0.396285876659354,0.378043207407126
703505,0.347810842338665,0.359275673731097
703981,0.0593836144475305,0.0618284022335313
704788,0.142890617078022,0.160246132647561
705817,0.247604610453329,0.280046052039416
706030,0.240866929313949,0.23922686732655
706592,0.110445139971665,0.117449006095425
706838,0.313036064349485,0.287319905181582
707100,0.400617115960999,0.420542930664298
708530,0.191046050352071,0.189466186686269
710741,0.166248791488055,0.172132593164774
710754,0.312961530964526,0.345918874687547
710758,0.162319519870435,0.177302931866258
710975,0.432314954762763,0.437438072543372
711382,0.296918072237653,0.311869734795606
711454,0.136597555352503,0.132901277727163
714549,0.294764565685613,0.283866794716919
715085,0.443731692333867,0.428883114093095
715250,0.499728221750955,0.498155345929672
715767,0.297896303357542,0.28760326830794
717907,0.075267661416403,0.0757886457345182
718134,0.257556885139148,0.269926974550383
718273,0.433879648957715,0.404273549620167
718283,0.101358620148703,0.144141718189354
718285,0.373122069197269,0.385956632430091
718642,0.434778973903604,0.436886987230183
718644,0.330196762266464,0.339301048093702
718846,0.0276399219502774,0.0542952798236006
718936,0.0562259334229027,0.0478292197769519
719823,0.235011750881323,0.251698633416536
719941,0.311803237713537,0.290331810895747
720090,0.409763405868965,0.416987511541192
721821,0.313585538799908,0.316129971215143
722588,0.00724333467174074,0.0256317587643721
722615,0.290139296334244,0.30360433691463
722789,0.325191408299325,0.324173100401901
722909,0.201301609030823,0.232716849326248
723365,0.255882103077988,0.237768373999498
723581,0.41045284096162,0.39296208772331
723585,0.496061483590111,0.507219250712506
724307,0.232543381618121,0.231815192754726
728613,0.362588144005871,0.363945259770517
729319,0.233400874869157,0.239834140841441
730635,0.0442656831648402,0.054337422534389
730637,0.450079625707756,0.464067667739535
730861,0.0943721453546377,0.0936053184223827
730869,0.152854844045017,0.151903155099274
731136,0.402138423019532,0.393148125319267
732892,0.340122476640854,0.323988195059479
734622,0.114275349644665,0.124040828954309
735127,0.178306419732806,0.199597472385062
736159,0.0574484989621426,0.0705316374492342
737343,0.433294034069357,0.430406731793265
739447,0.321850691825223,0.356029861296508
739683,0.324120776939178,0.343210183863044
739735,0.194772346782905,0.186395937165132
755754,0.157797087974384,0.166555356621338
766676,0.282569075621488,0.27949224855943
769544,0.419482448697724,0.410652052529832
771435,0.44002273946044,0.454547706947806
783734,0.396361368848243,0.400903635852566
789217,0.295491863040239,0.278095193442613
789656,0.181810967976465,0.215576659092878
809364,0.200289885233411,0.203674269729573
814526,0.241755680483113,0.271134195574584
814805,0.570083798108219,0.591514306474242
889956,0.395679460414279,0.427812516214725
915692,0.352396125486621,0.33317282696836
926055,0.244317312582169,0.244317312582169
926632,0.274862428727891,0.27557227238623
926971,0.270494654715392,0.270494654715392
927013,0.19409124664462,0.195218747633246
927725,NA,NA
928103,0.196131657409381,0.175134096280191
928149,0.296127834976854,0.285829307644776
928189,0.0675926369419374,0.0675926369419374
928233,NA,NA
928234,0.338034327365924,0.338034327365924
928260,0.451868919446769,0.451868919446769
928301,0.45015216750744,0.472556286965332
928324,0.311342369427069,0.311342369427069
928377,0.362278618127398,0.38186438237391
928391,0.231010579167878,0.219849516922664
928399,0.452500922673361,0.452500922673361
928433,0.249371680063743,0.249371680063743
928517,0.26454405442059,0.271568299986978
928518,0.391355485563159,0.399327663384726
928655,0.290422931398884,0.290422931398884
928851,0.351794736063652,0.35466143479774
929196,0.503995067539236,0.520404620787797
929230,0.241442614350964,0.253030259700586
929255,0.242729136935462,0.259509356778541
929267,0.311361435460758,0.303899850074025
929467,0.092251265629779,0.0854782330081845
929531,0.31630910273398,0.321717340559469
929717,0.242957486159558,0.242957486159558
930010,0.448484703480809,0.449210015396675
930159,0.309514012483964,0.299658177874073
930272,0.206366754406032,0.206366754406032
930277,0.449069871042028,0.449440256481265
930281,0.412000392532308,0.419433211884915
930740,NA,NA
930762,0.146832404883149,0.146832404883149
930825,0.299305672352284,0.299305672352284
930838,NA,NA
930847,NA,NA
930848,0.156315031715672,0.156315031715672
930851,NA,NA
930856,NA,NA
930858,0.261913856293774,0.261913856293774
931220,0.27878258678446,0.266519404379178
931283,0.382040524641986,0.382040524641986
931330,0.13221601709064,0.140254680247678
931339,0.297523201322241,0.297523201322241
931415,0.223142400991681,0.223142400991681
931482,0.283044574057486,0.291217020754172
931979,0.332576242871143,0.332576242871143
932146,0.236395692883404,0.239641590923745
932201,0.35728761545069,0.35728761545069
932211,0.382300727378128,0.382300727378128
932212,0.201212096648245,0.217747543462996
932213,0.0474162686383972,0.0471437260626527
932240,0.0970677948167045,0.0970677948167045
932369,0.302330285724077,0.290457316926383
932516,0.268105094842194,0.268105094842194
932517,0.238613360555142,0.238613360555142
932518,0.223262522260575,0.223262522260575
932528,0.0657152077453525,0.0657152077453525
932550,0.195088426163104,0.195088426163104
932615,0.339581087982406,0.354673546468141
932637,0.205581336630492,0.205581336630492
932811,0.303772221546189,0.316281100991073
932831,0.355622014787979,0.362417394106642
932837,0.298422007499919,0.298422007499919
932846,0.502648380223653,0.502648380223653
932860,0.382693693715887,0.373121013547563
932874,0.0827170191868511,0.0827170191868511
932875,0.223656626563466,0.22441978168289
932877,0.222699667041522,0.222699667041522
932917,0.213508230135899,0.22524907961638
932935,0.256491992959719,0.258351275017096
932947,0.189335548956423,0.201586931589043
932952,0.295588242631674,0.293370457213338
933004,0.308958855872818,0.316425364172658
933005,0.0910904756609224,0.0963548586609419
933012,0.280353581823242,0.264185430514147
933020,0.403359460227573,0.404224981715232
933024,0.135067550667224,0.140708422008475
933025,0.278879762541617,0.287337170867927
933029,0.282769986234598,0.268284162942834
933054,0.409428356305921,0.409428356305921
933055,0.498143300017673,0.4809616829049
933056,0.352281938371192,0.352281938371192
933057,0.476293725650722,0.476293725650722
933058,0.376458051655752,0.376458051655752
933061,0.15854571544745,0.15854571544745
933063,0.292519817986156,0.283871396569769
933065,0.532563014449848,0.535588140028534
933066,0.372133655206491,0.39534416162014
933095,0.407272552645275,0.420033547616742
933103,0.434982024730043,0.426331601780728
933136,0.103159545810807,0.103159545810807
933155,0.198293768894843,0.202199921297957
933872,0.27963456281691,0.27963456281691
933918,0.317205288490655,0.317205288490655
934034,0.273655274237958,0.263673463670227
934458,0.193946375422182,0.214315167412954
934459,0.260746368249379,0.257190110981391
934472,0.233794143892711,0.231977334860577
934602,0.35157695197639,0.35157695197639
934714,0.240480442274063,0.237212815360814
934754,0.355868137548613,0.365954230276955
935054,0.169601235710695,0.166113873546274
935058,0.352458756019005,0.363104909152917
935085,0.323449119782106,0.334165995125239
935091,0.198170647417728,0.1911156456739
935217,0.446842973740246,0.431536187361514
935323,0.231693346487996,0.237619570736082
935378,0.392333156057599,0.399041249490397
935422,0.352119091006171,0.352119091006171
935597,0.178040475155439,0.174866224977265
935607,0.208557864448667,0.197126730895345
935655,0.12607330432546,0.110424876177145
935656,0.380253586948477,0.348984368023304
935658,0.16596540720923,0.170845197995176
935659,0.386769819040562,0.382644990431151
935725,0.189927807438565,0.169389236626766
935829,0.512866155129742,0.512866155129742
935834,0.242689050181259,0.265283919370822
935837,0.390138602527118,0.386705401307634
935846,0.343830216547932,0.343792372427333
935869,0.07550996216371,0.07550996216371
935990,0.268424229346092,0.280070565206357
936120,0.289000251613819,0.317338982160964
936127,0.290422931398885,0.290422931398885
936138,0.44531516147829,0.44531516147829
936477,0.216724467565832,0.20966848790748
936559,0.286163288957372,0.278970459232026
936562,0.401336061815313,0.413704851902815
936564,0.213925206435714,0.21210309454127
936565,0.329126339641224,0.333691368824762
936566,0.341501284574134,0.34319550230533
936569,0.236958206811412,0.242672922315961
936694,0.0560466353806097,0.0596734060754895
936978,0.47351069293476,0.491938779661747
937003,0.301696648649902,0.277854970436703
937017,0.27346436545699,0.270318946136031
937062,0.164178300201918,0.180808923442909
937212,0.330556353796457,0.319527015357932
937271,0.517808138334335,0.522049488040822
937326,0.311968402552708,0.348519491359292
937327,0.143146528058481,0.135961567593208
937395,0.387007460877404,0.364919287544906
937407,0.303024960608954,0.333952695246936
937424,0.384337588497839,0.380977111492523
937627,0.31344483334616,0.303807384665835
937722,0.0840660326996802,0.0673515691580918
937889,0.219126937517017,0.228960706445594
937971,0.360389246905606,0.367250284713966
938000,0.198515536769168,0.211868279565949
938006,0.345299644200811,0.352650215946735
938057,0.0471719105090836,0.0405143484288236
938088,0.393193374309676,0.405728155830746
938093,0.411800242506637,0.415850765267486
938140,0.293542681951356,0.298437000249592
938142,0.216371836456652,0.202925610421544
938147,0.206540903279902,0.207791930746439
938348,0.42613362236321,0.435787280854952
938445,0.512934301794724,0.533491015233377
938506,0.225188199247808,0.227674325164249
938517,0.217157333032643,0.223941127532301
938524,0.353223260421537,0.370745266532882
938534,0.318562630133385,0.316526024884808
938535,0.440354430282207,0.440354430282207
938546,0.283091663004784,0.296340972443529
938583,0.20776802685672,0.198694130350876
938611,0.156885428055488,0.169796459047171
938635,0.366527902570606,0.396625907264318
938735,0.22014225328638,0.21085793758949
938758,0.332242253327274,0.356891916728874
938870,0.174526360299601,0.195473640270628
938874,0.31543895396979,0.314244188135744
938955,0.175363160646264,0.176077830147259
939007,0.314546292227538,0.319674907281602
939067,0.443214795635398,0.439302944475508
939069,0.38045094865271,0.40555829564601
939093,0.181582630631309,0.174615179298757
939137,0.215919616727022,0.218391270876283
939187,0.362000583247713,0.371378896692856
939205,0.398021228415775,0.413790700641927
939210,0.236858401423855,0.231351947824856
939212,0.456436886344576,0.467292611782007
939219,0.297204743542324,0.329100232120353
939277,0.434145992100021,0.440902016187215
939310,0.183449577574491,0.182616937443826
939318,0.213508230135899,0.20146501530906
939319,0.170057474238989,0.177983639805978
939322,0.355828673750194,0.353474747010834
939329,0.22538338711426,0.24859372557355
939346,0.289778919294411,0.256707221243972
939398,0.195727678283436,0.167195780031768
939417,0.279946200082509,0.261340070186419
939448,0.165229738693379,0.179538178348557
939450,0.23273178585052,0.241316305022543
939472,0.374799839857638,0.370151452374012
939524,0.400044988846657,0.399723885792511
939539,0.376222268645273,0.378310111584912
939541,0.0933904227076303,0.109054893080348
939578,0.299933957605118,0.30985339065331
939613,0.241364262876421,0.260194116724584
939645,0.37388752183243,0.367595839454015
939646,0.290077364280422,0.31450273186122
939731,0.366126279283489,0.405797841566264
939799,0.272125164897862,0.283572205015659
939859,0.298989924262479,0.259175410718355
939871,0.232924896475824,0.249256799489351
939986,0.109763649440323,0.118604479581097
940048,0.401443055082397,0.402021308716527
940049,0.0737011149753927,0.0786739136341197
940050,0.184753587376299,0.181063617291328
941527,0.194087707925133,0.185703607437443
941631,0.277702362684868,0.279588498314034
941641,0.137868293627476,0.134703138316184
941651,0.373921765957884,0.36092665669149
941655,0.302079547740354,0.30121830269996
941699,0.286933350654465,0.288297666184315
941825,0.423504679475869,0.397879045451835
941873,0.182047303061127,0.20295711323993
941969,0.32079305490742,0.307771874138962
941981,0.267336629411054,0.270136622362546
941993,0.214962435561995,0.21288541775862
942010,0.127506599633472,0.143101200382781
942015,0.352396125486621,0.382794311835989
942051,0.154127683191494,0.168004330834127
942056,0.284365157450017,0.299786898195508
942088,0.252773337700879,0.263369641106201
942166,0.228187939832238,0.215772804548369
942654,0.442940398017832,0.434489473644004
942657,0.236256955820756,0.225741901509186
942659,0.317880842688228,0.337701959329848
942661,0.0751073570035886,0.0851541671034478
942745,0.284365157450018,0.273020210856623
942778,0.302848583014333,0.29934815146556
942780,0.420595037632541,0.432088723275777
942807,0.162363063910388,0.159130151127917
942810,0.31107058531633,0.299647801157051
942853,0.235762885205048,0.219444461291695
942898,0.461125246954251,0.45454890414763
942901,0.204500382509558,0.211072828324738
942926,0.120975665336502,0.102265478381745
942963,0.204413369207436,0.211121073712341
943001,0.0976475599979642,0.10168779460694
943037,0.0789789292747932,0.0674142593647221
943270,0.243581148437675,0.261616132517269
943279,0.268470744824349,0.274216270837332
943281,0.410531586168549,0.441830762283863
943282,0.362924605704705,0.385042108927202
943283,0.370706268389323,0.383843222616615
943284,0.142605705808191,0.13862974556476
943339,0.205909696817919,0.236522307876337
943401,0.398269815726531,0.415107493024878
943402,0.331107500842007,0.358211167371715
943427,0.169221487304349,0.167431326716377
943440,0.149988991346711,0.160747240002348
943566,0.445992574542,0.466388649355047
943663,0.347756103166956,0.388976703371078
943666,0.391974096490801,0.396654260881666
943712,0.255463520490733,0.278154289165854
943724,0.476320480701407,0.474139847897448
943726,0.373955563630737,0.388367445174879
943729,0.257854588846095,0.275351160405718
943780,0.167854433217024,0.18335180827136
943781,0.173401268096591,0.184308372365476
943783,0.311952754542094,0.33006131115679
943855,0.232536672534256,0.261337658625678
943989,0.0433176654749244,0.0457722360781792
943992,0.189515499254786,0.184361560104505
944011,0.338938068537606,0.346124430405447
944032,0.369323278800957,0.394528028888761
944054,0.231082414577314,0.231119791728393
944073,0.331641364494806,0.341063732864493
944114,0.375980291347469,0.388419532848985
944155,0.167605449276674,0.155896061913566
944198,0.518236848130216,0.500833332671918
944203,0.276320708566055,0.26559428171059
944315,0.286776986769253,0.319429282083461
944401,0.312325550753606,0.323106528285166
944412,0.401388666717553,0.411096296161265
944440,0.203352957080503,0.198280691021662
944446,0.266743083800234,0.267571747272906
944521,0.55485309830796,0.551610118258178
944602,0.427785322462066,0.439195484205848
944653,0.308638366508836,0.290477652034599
944716,0.173349555983092,0.1857916978039
944719,0.121719645921488,0.119428114298705
944785,0.379237089664797,0.403751036173554
944794,0.403728134549057,0.410686676497608
944795,0.350433100621476,0.380197663471429
944855,0.41880046069753,0.413061406045456
944938,0.23832700414486,0.263658706182469
944964,0.163933799165576,0.173150035145027
944975,0.200240210459357,0.197261903473691
944984,0.373879386126616,0.364386250418902
945010,0.130012166987319,0.146045215189136
945019,0.372472377865643,0.382261777929015
945044,0.281660613680297,0.264888695882731
945047,0.238954199453808,0.251854525754766
945061,0.303987107418725,0.313423527894933
945064,0.231151751732487,0.25658584153385
945065,0.219549167369805,0.242690814251072
945095,0.336925188281309,0.333466016971206
945104,0.0815157561666909,0.0828390684674676
945122,0.121229648951968,0.108711147560689
945131,0.273060749484083,0.289464649593927
945135,0.210709374082897,0.221840833198687
945167,0.429870340853163,0.438583371426704
945168,0.428837808918837,0.430820006092052
945214,0.230479902791304,0.252587835357867
945380,0.287901328939394,0.280847783914373
945395,0.119064749723122,0.112069881668949
945399,0.529103997811807,0.554196348541475
945572,0.171949047415313,0.196442761909962
945596,0.196511546666283,0.191895596440869
945617,0.310120951654142,0.306901330074756
945850,0.28422542871759,0.283779592333735
945855,0.102061334327734,0.103959311662722
945861,0.394519679133935,0.421497583077505
945885,0.238028177515634,0.250587283433607
945933,0.175056952506032,0.172060887763962
945947,0.156788908935814,0.168169608455822
945951,0.202006998468186,0.216945390148121
946123,0.362424208595272,0.356959879718569
946161,0.0785952088413455,0.0714632190190825
946166,0.249451721601757,0.254315493072131
946169,0.140264319069063,0.131929185686306
946172,0.314347953184298,0.306524078428676
946343,0.328531055437946,0.336921866956258
946368,0.0732544497167641,0.0679947459607957
946371,0.290738490164862,0.306473867957298
946372,0.292053924528678,0.305976356823581
946406,0.0122681174558241,0.0101220096745127
946415,0.365786313987603,0.363006022675881
946469,0.238661519363331,0.236822662969232
946499,0.482890348553857,0.483011660122901
946570,0.06951933224967,0.0683235653029606
946578,0.152994769343658,0.174586511618787
946604,0.165316470000398,0.164054236754067
946757,0.34257265722234,0.31381997944513
946769,0.301018096569357,0.298742816329515
946847,0.328325729068764,0.361969985620798
947068,0.133938924003612,0.142758157445605
947081,0.350487491490866,0.347372450428898
947967,0.374736814096546,0.377269499478987
948811,0.34727516187272,0.360582576784127
949392,0.499204384376108,0.5061725546861
949624,0.170779778371183,0.17808526645658
949926,0.205375689212516,0.218594509511305
950179,0.297824486436393,0.321346130829033
950572,0.330537918804677,0.342732219049676
950574,0.324058800536334,0.331922430704417
950900,0.205301520605432,0.186365562157578
950901,0.36754770566703,0.360224619650192
950903,0.179224651302873,0.179936338523911
950904,0.393102399615273,0.420429475215208
950924,0.09680101251279,0.0861981889022184
950925,0.279818577024482,0.288570621559066
950926,0.259605439263729,0.262893708208764
950927,0.41450137212966,0.40647653569761
950928,0.342338677180412,0.355542273186503
950933,0.186665462094308,0.197449354636012
950953,0.319711132098188,0.331577649993036
951184,0.108003525683179,0.116305992644507
951188,0.303837709950327,0.302208383243667
951327,0.250486032843015,0.263840806640544
951328,0.354265651508401,0.350305058743759
951551,0.169431398547496,0.178010496051607
951591,0.383352141083297,0.362278818638404
951686,0.158646895120832,0.174826750710925
951884,0.360320970532564,0.35968595689272
951943,0.468504815422692,0.492067289515953
952156,0.344856528589577,0.34639810330083
952259,0.338898217373872,0.322080375603769
952380,0.469164887270027,0.468448192915926
952482,0.319890926649666,0.323425387380151
952524,0.183902551733947,0.165398743809061
952592,0.291508597233614,0.295450055546193
952598,0.268636426576352,0.263761148788633
952602,0.0672249744085771,0.0658277011021655
952638,0.422812916308012,0.439757377243781
952641,0.310955470024575,0.282578942758522
952846,0.317356000163198,0.307517809182945
953206,0.462414737689847,0.465875625350541
953371,0.385347769581285,0.409048456598787
953669,0.222327646991111,0.217399337720318
953911,0.208097265812873,0.207174639236515
953918,0.336483064189594,0.333665412139405
953921,0.334758810006927,0.341992314151258
954021,0.292394948425523,0.261520412588357
954090,0.15792791474406,0.169431016536308
954118,0.563150756661651,0.567924571855898
954261,0.298411499264055,0.287825341829189
954341,0.183601280722029,0.171583949633272
954365,0.48782549176788,0.484594059287216
954366,0.37524900980385,0.432749758321759
954374,0.232534471193078,0.248977715152895
954379,0.234913486534554,0.238944522068447
954400,0.457861095991222,0.467674821665735
954406,0.140395809308383,0.143687047255037
954408,0.233257589887591,0.22903493376268
954432,0.133502564023101,0.132823108572424
954469,0.390535072343734,0.397288879724623
954470,0.215494850159677,0.21077839477958
954474,0.343697095082265,0.346438413064832
954476,0.501489126171199,0.496614949448209
954477,0.352180638475891,0.349084587184933
954479,0.206009395374411,0.205729460987878
954487,0.182057378354869,0.172609212290322
954492,0.388833889995693,0.414735234925407
954725,0.22332106201959,0.20567926241388
954756,0.18886371403455,0.183871610504445
954758,0.140820536623141,0.149124368093148
954810,0.392575313407588,0.385059276450189
954828,0.10076840398199,0.0904982152123473
954843,0.306292651868806,0.300011061723696
954875,0.204388781100611,0.180604022865424
954959,0.307252912896703,0.319810392906218
954979,0.243177448126165,0.228834168933627
955032,0.151682980797127,0.169736041952039
955081,0.0893515815924822,0.0971190608114503
955082,0.236325410231967,0.221054919740307
955160,0.436784285624542,0.443037115673208
955367,0.0901273719249417,0.0786884970613515
955430,0.163298548867046,0.18182415595441
955442,0.35227211200752,0.373100221564003
955497,0.37002560365885,0.378296393996787
955507,0.233122305225135,0.208845332711052
955525,0.300902871143872,0.308240038369058
955675,0.276845749971982,0.269512848887453
955867,0.37843642290734,0.385389131402986
956437,0.292431058961923,0.278778603709845
956855,0.188823492521354,0.20390665459396
956905,0.352662280854153,0.356703329726394
957018,0.580681149401724,0.565237981444625
957906,0.397125123782268,0.369592866854767
957916,0.403793933193062,0.393650098423828
957933,0.234726018476746,0.238475196999199
957941,0.320652660123905,0.321208969748292
957943,0.414321591409933,0.428461270104366
957954,0.131184677020022,0.15373473197983
957955,0.543792202039444,0.547046604043017
957980,0.325390901602852,0.306765475256081
957987,0.0981870094352698,0.0888085627205305
957996,0.359903322707696,0.350153236657926
958021,0.261378636032402,0.251188547708472
958042,0.341277517630838,0.362356235183199
958051,0.138212877753856,0.137528820240923
958076,0.254276856154704,0.258789621842695
958078,0.36047887963792,0.348938450164841
958249,0.102160975856862,0.100957584630132
958257,0.551406294098411,0.559209682226061
958286,0.291402917098064,0.291927532886778
958322,0.426414855701881,0.435209332929924
958341,0.0725984311648539,0.0684913242506508
958356,0.355033746518178,0.365943194434725
958780,0.477010815044925,0.499619946327541
958804,0.295691307211338,0.304037059351027
958899,0.15209586682249,0.15779790937617
958900,0.275329447507388,0.289534926477034
958904,0.137232308532227,0.129412286016685
958970,0.283884687031631,0.277463274644224
958971,0.38001942107484,0.39155883069319
958997,0.285992053184148,0.299218694642635
959038,0.23548507328614,0.232047779588778
959073,0.228405688232337,0.219557831718751
959191,0.271837770881511,0.274843391023154
959210,0.266633363450122,0.238622317444616
959224,0.198623203690195,0.198209045266021
959285,0.284804720021243,0.29381400498612
959302,0.235450529564245,0.2551596952045
959313,0.355061980275786,0.373077958770676
959342,0.395270677136612,0.39576095061415
959417,0.502117623954706,0.510279061011715
959425,0.281289236214054,0.272264094893611
959646,0.0620101404266319,0.0647857241607818
959650,0.220114162875099,0.229966507764642
959713,0.280722235529371,0.284497069637874
959814,0.11970729951681,0.121265627175594
959864,0.391192014988865,0.385298420828003
959883,0.39944927209359,0.401781216667927
959884,0.321847657584193,0.327597460988753
959887,0.286257601767782,0.298043739817935
959894,0.379988399354264,0.381334195196659
959895,0.220009033363291,0.23181790774529
959918,0.387909243377881,0.366830913618926
960081,0.434371760539743,0.457241841042626
960087,0.19808354020122,0.200222144712617
960094,0.225983612403014,0.197470514915395
960095,0.2537856982551,0.261978367272034
960137,0.396143223573372,0.413745392592043
960162,0.2108789437301,0.221377012432236
960205,0.229594804732889,0.256425739653916
960210,0.190331119221074,0.199610928018557
960276,0.374802119868944,0.390552190272111
960318,0.290611785836287,0.294169761061142
960321,0.214187674687965,0.203405556134636
960343,0.128644750720594,0.111425637259412
960373,0.250032295520671,0.26394805968269
960375,0.235126275957977,0.221809351010655
960408,0.424730135773712,0.460615565763339
960410,0.316615319443689,0.311832800006887
960419,0.114922643977064,0.137643434261626
960456,0.192337783401536,0.19447416818575
960483,0.325198504982004,0.342765741593964
960486,0.243356139055636,0.272123903028037
960491,0.237728264429458,0.245623806831463
960506,0.296817698042444,0.320830699053601
960508,0.0962617739561469,0.104858302971229
960511,0.396001872842211,0.394824286658611
960512,0.35414588724065,0.358656063790284
960528,0.248298657967248,0.240543911013596
960530,0.237578733438139,0.233918140341842
960544,0.360786271573131,0.37454246780452
960551,0.21036295829286,0.220788933707534
960577,0.326833813239805,0.32629801132462
960584,0.102771319780559,0.08645740480483
960626,0.0689191102317755,0.0674041877884618
960627,0.353499054029304,0.352940522161587
960632,0.208665540962469,0.219651756309711
960636,0.198474992886338,0.206187151118697
960687,0.235601448422122,0.250339119262091
960787,0.312556789261331,0.309654824138065
960797,0.221351695458602,0.226443973879235
960798,0.323284076435565,0.322711401672769
960849,0.497287432416051,0.498916184481692
960919,0.214375352419638,0.233169006718023
960923,0.177943187678825,0.202092260433007
961032,0.261249334518599,0.276088025566152
961060,0.34264082995704,0.346498882170586
961109,0.492621666942431,0.500277409405237
961233,0.0901761186350337,0.0966623171509084
961239,0.119349453631664,0.104967520993176
961241,0.255069865875693,0.259738160256169
961246,0.284526569306855,0.308414884035756
961270,0.336339959372627,0.362804739689823
961301,0.33892261048633,0.333142416333098
961302,0.175307513915503,0.185701989136582
961398,0.229040428410705,0.240298296862009
961563,0.381052355718683,0.391021520700864
961608,0.159571113372682,0.165273279425367
961764,0.250239282222369,0.252423943989316
961767,0.342731542713222,0.356845489176868
968937,0.276780328919658,0.280363902289093
970803,0.243791299713242,0.246640185689084
970808,0.198273690132078,0.20689840623762
971073,0.047053532339709,0.0392262131110423
971367,0.307103707373684,0.293675580738108
971420,0.398561486159075,0.415244943268476
971423,0.186728237128642,0.204462819319638
971428,0.22119306265177,0.244780727244522
971438,0.144392079284789,0.121165277724778
971480,0.186009218124002,0.200966742928401
971665,0.474666731454562,0.474445207076327
971802,0.267202341362527,0.258754081615032
971809,0.284124223802709,0.271429187407959
971936,0.233347691849693,0.236448461707378
971949,0.213815916487101,0.214507043235376
972004,0.294212440827151,0.30616315632304
972039,0.405450314110303,0.409060096926224
972632,0.212677802876491,0.212793664031637
972659,0.267056026929915,0.299736848369959
972792,0.236188518813551,0.223478079781554
973001,0.130810088426832,0.140851757262498
973238,0.379361348848032,0.401931340108683
973241,0.195878490344965,0.189574730846293
973311,0.288999157752512,0.287873732269368
974378,0.494969429153757,0.509901465175061
974784,0.0870557181875059,0.0814886449382897
974805,0.205747076903822,0.194412224626435
974809,0.328021091204149,0.331968515506577
974847,0.357166918296834,0.368789879577727
974897,0.265094414012506,0.272862279274652
975211,0.221619815419967,0.223927473512026
975303,0.298912973839765,0.311423621905951
975437,0.159983023110559,0.16507787123516
975515,0.354714021199808,0.333822515122251
976128,0.36588488304367,0.384484306008707
976492,0.233802048692211,0.211531461720289
976757,0.345318991271886,0.364698094991002
976861,0.17590771485817,0.162105640716001
977453,0.338951118209872,0.344574185350684
977455,0.343465384892364,0.344243778043502
977476,0.101158215648648,0.105932227259086
978134,0.267847235662376,0.27153372172679
978335,0.143066906723037,0.159223150480205
978337,0.10995833885087,0.115420328581415
978615,0.307085305156481,0.319714339029227
978622,0.342628137993232,0.335589090810627
978836,0.175382927125077,0.180076434911742
978900,0.330171244312649,0.333571210481524
979875,0.356328690655961,0.360809878894098
979996,0.383979036524047,0.427625678019112
980074,0.348120045775073,0.352048536201334
980239,0.340269914078911,0.336697390460662
980381,0.211489099284693,0.192234327407464
980388,0.202849573689785,0.193036080613692
980486,0.121069846691962,0.130301092217611
980494,0.342026826460552,0.376554447012064
980769,0.294373039830401,0.308143358145632
980782,0.231198998060231,0.249287279747568
981293,0.239193365985633,0.242310624755088
981348,0.112834510647878,0.122940284509274
981368,0.249113900869269,0.223333963179741
981369,0.242574868262893,0.247956209892511
981373,0.214570157814167,0.231667933744941
981947,0.411377480273725,0.438390024762352
982129,0.297099280667475,0.299262932489995
982137,0.359035005088534,0.36160855817536
982250,0.154492528236573,0.157502514262532
984778,0.334250244713132,0.334637494630551
984806,0.352174449904,0.353986666226151
984915,0.380618544569625,0.383799171578004
984933,0.332711881392819,0.343801001396306
984984,0.220132634516699,0.218007146621844
986085,0.0990999530694545,0.102766298360749
986132,0.226414761268245,0.235140866863612
986265,0.0528853029811464,0.0565762398442069
986294,0.362455027866761,0.362902599465083
986296,0.144734601571369,0.148783596928643
987731,0.156713633815709,0.156649978036784
987822,0.390198848498129,0.385727419583825
988437,0.280133639427457,0.267878471172336
988438,0.351166546319571,0.337336247931106
988573,0.268298592424024,0.278510409516315
988753,0.210293832387404,0.205723210622143
988785,0.190586448542285,0.196210378048479
988805,0.11968305594698,0.11904519584665
988978,0.33276832434337,0.363405233524559
988982,0.217018490337585,0.217957911932203
989149,0.251419462937377,0.242499343246001
989515,0.25239628307185,0.248938503700634
989521,0.335600114094872,0.334290888185688
990005,0.376012666471681,0.367350820545942
990007,0.382757390662134,0.393784275884355
990607,0.236191807999753,0.230671909009668
990608,0.243440630866248,0.231776267325277
990630,0.294810808146958,0.284969107367035
990836,0.171628402934097,0.156043489245121
990874,0.379804537420548,0.379633124052362
990996,0.135313716404715,0.144906807662286
991005,0.146712598160086,0.132509056596672
991064,0.209631443776423,0.225207337279628
991067,0.288809621699237,0.284606727829215
991141,0.323641110305041,0.36047315148307
991148,0.130360014063535,0.131088985011073
991203,0.389544174282754,0.379960983581716
991323,0.301253004815058,0.305207115640832
991402,0.277390682093862,0.292365325978019
991468,0.37271061785125,0.365868328387697
991475,0.337972995621228,0.331333965490407
991477,0.343415422995608,0.352823944309412
991483,0.13614455775381,0.131624393425539
991497,0.218256370783164,0.223601669075809
991521,0.334491794622508,0.335589284409251
991730,0.161444341427238,0.164325939156544
991788,0.287881611818918,0.286657715173057
991817,0.527861816239832,0.543865728634542
994882,0.359055699927264,0.353937949476197
995051,0.230374614116209,0.231471369389655
995070,0.221625208114027,0.250320786948379
995172,0.189111752444579,0.173578892377879
995285,0.220872698298766,0.204412704678333
995375,0.450516983293016,0.461693307993633
995377,0.203847756981861,0.203910465088218
995480,0.345224158815062,0.359752728369878
995751,0.372672309116642,0.383108487079841
995867,0.319845629410608,0.313533634092662
995879,0.179631136938931,0.198970777860254
995912,0.20376295474144,0.227809226671131
995982,0.243965686583086,0.2467730557748
996390,0.350647218465753,0.336408392309972
996443,0.366965904440731,0.398540880018792
996570,0.400577419773821,0.407489621380764
996587,0.10243015156708,0.0782751044654814
996823,0.116198896158408,0.117134686272674
996959,0.479620349917946,0.501567428544288
997173,0.238109630076952,0.250095176420114
997204,0.340227472976644,0.336898685731429
997291,0.281290700221549,0.28877255398504
997372,0.203306983886531,0.198831425406874
997384,0.265423171193966,0.274586151204833
997471,0.271028067557182,0.278648571413493
997503,0.300405055257521,0.307626145759278
997552,0.516068852960458,0.486222466488419
997564,0.167056964213767,0.171137070759272
997575,0.276255906629289,0.276549912234565
997593,0.244042826102826,0.262272023307476
997605,0.310567834599378,0.321388200359057
997619,0.197625278947191,0.201731979783304
997631,0.121803770624946,0.0976383196678019
997652,0.311852392974804,0.309815700976632
997662,0.405048239650417,0.415599237251552
997664,0.259001554510352,0.263634426830402
997721,0.0703234397586238,0.0860946700372357
997726,0.0387557451988464,0.0399429489550099
997741,0.14439033455731,0.133860205449638
997756,0.15209586682249,0.157016731606981
997757,0.31592551062117,0.334836040716746
997760,0.0891364945199468,0.0726429879226344
997761,0.178262897673671,0.178889709144272
997762,0.178618108916694,0.187071851551831
997764,0.171578998143686,0.171782545419876
997769,0.351183374667797,0.36155793025047
997847,0.406933630777124,0.40418958581763
997849,0.414052635903701,0.404015101482918
997877,0.238011572666538,0.225994888556214
997879,0.195746073143159,0.179819688091168
997884,0.291506449626759,0.29995072403891
997885,0.163525254084345,0.162908929027933
998016,0.351793502489367,0.34232493270451
998090,0.1895931691291,0.22395815909452
998091,0.179312281974304,0.199923644525755
998127,0.32989107285971,0.332044946923448
998304,0.400314982909741,0.408741931574413
998537,0.319058233560618,0.33646598550143
998584,0.266096264431416,0.268253230822435
999436,0.319734897890482,0.295577822267073
999446,0.334674761116746,0.335961477062556
999533,0.338692226853969,0.335927674519052
603732,0.461566331377051,0.467561805083634
604158,0.120482899335375,0.150482316357211
604987,0.277693141036697,0.3215728391968
605365,0.35354086456572,0.330874962874479
605452,0.368003710686326,0.353820298918987
605803,0.27006573887713,0.273406251390742
606312,0.265837219348921,0.278855241988643
609388,0.45018307013252,0.448291564753517
610924,0.285179684086929,0.305285709842011
615804,0.238358144340077,0.318208654248006
616012,0.293771245608866,0.29638342945398
617221,0.316550942152294,0.347424803102835
618630,0.356771568075707,0.321041045767286
619315,0.201186954040739,0.257756038894547
620591,0.231296222162904,0.229453663230806
622500,0.330039194481655,0.349488292351958
624508,0.159764603678853,0.165859398211537
626515,0.258092700604382,0.332871812401253
628661,0.197446571291708,0.189262417883821
629692,0.257529806244267,0.229380924861626
630113,0.415021170836588,0.370211705936764
631680,0.318324683129439,0.287221118969519
632872,0.477812916798534,0.519662455921247
639685,0.310983160823524,0.299428719294642
644717,0.125561800583481,0.136489588800629
651555,0.127393926788716,0.120997207466918
651582,0.221470199008916,0.275137149345471
657979,0.131148245894106,0.120853091596453
665780,0.0716482395169113,0.0718938892494027
667143,0.177616181508175,0.174486158750073
672891,0.103175058092088,0.135724178507659
674413,0.205957374809944,0.279915989381782
678051,0.190244656930534,0.346551640041836
680021,0.191179778225468,0.199661759641972
681786,0.305070139670746,0.43399002170047
681989,0.19854660972909,0.19690755161495
682468,0.328544120459916,0.321900856654496
684236,0.157242725508288,0.204835476670144
693067,0.434935513385938,0.45111626256758
693331,0.154996851658426,0.179016806688526
706032,0.334986997336482,0.354753914898842
707565,0.237129773742176,0.336853994292206
709407,0.329368309774155,0.400155214950824
710243,0.240535117721182,0.284447122475573
714747,0.226985127802593,0.258522244776494
717507,0.357768053783458,0.347365457802328
718652,0.0517780373078497,0.1455213750218
730866,0.185485206700593,0.175756834669432
732890,0.231627430944655,0.257947111150227
760435,0.0940720868383599,0.125590089825832
763235,0.198541627734256,0.227109989583068
778830,0.195673933594356,0.23147163169004
784751,0.346430406394952,0.351907671538894
927246,0.327486780066858,0.424349299776112
927950,0.442444629607512,0.471916861471309
928330,NA,NA
928334,0.296463530640786,0.334159439515585
928447,0.220564386628142,0.304002602649357
928678,0.161164592805076,0.161164592805076
928790,0.344341715214862,0.372952789142807
930253,0.243782603050403,0.280773309385499
930279,0.209078628349169,0.240192230707631
932035,0.243332131696144,0.331412339384968
932329,0.205152484965555,0.205152484965555
932336,0.174963553055941,0.183702358378517
932589,0.223606797749979,0.223606797749979
932621,0.387201546331183,0.387201546331183
932979,0.0883883476483185,0.132836128369791
934605,0.220044013204401,0.220044013204401
935661,0.184567915183857,0.277132653862714
935684,0.449760779732726,0.484935465980911
937288,0.283887486978834,0.287183263447095
937723,0.0336717514850737,0.0336717514850737
938603,0.261627976067092,0.224261166868098
938642,0.178906611833034,0.210834779421264
939162,0.268612459778028,0.281029618163884
939441,0.244254325733562,0.277018493758498
939442,0.223772371114206,0.224949793595269
939444,0.313960207600961,0.367717753384095
939932,0.221709598189477,0.21168429875904
942210,0.280996227981769,0.310248297997357
943228,0.266048452770688,0.271494935158056
943250,0.155096688610265,0.153975219128295
943325,0.264753831543572,0.28039700806402
943655,0.234898087937346,0.271121543354741
944059,0.244845263406885,0.308410111475384
944700,0.234772464816938,0.226960324750801
944907,0.305870399076027,0.345250761269538
945075,0.335578027607012,0.336518222547581
945401,0.183030525999472,0.172005581457264
946568,0.127836473903211,0.17075540155291
946789,0.0867576032427711,0.0877281132518298
946860,0.401939947958828,0.411866514440191
949770,0.277390437011542,0.272053593791255
950873,0.286631603889989,0.275633452170996
950918,0.416485576221217,0.422238493427607
951210,0.192352713553335,0.175408544258851
954342,0.217759855893389,0.246886218705385
954343,0.292716939083205,0.260576261164012
954345,0.213182399356019,0.239124810610769
958279,0.338799902020209,0.415037747129818
958463,0.29277002188456,0.299625701663354
958853,0.223345218251876,0.230097505756556
959034,0.193439556867592,0.215085739318435
959318,0.139673442429945,0.122245491325609
959557,0.231225747992418,0.191259213059362
960091,0.248838921315746,0.266671020514789
960101,0.238345168283282,0.259255132214185
960338,0.171660223807175,0.188736645450233
960449,0.285066699072936,0.298971301789582
960454,0.0576151201915677,0.0746263461650256
960564,0.470778918192614,0.424652500076156
960801,0.285239560970874,0.367601581461869
960829,0.438026505952565,0.400486999049827
971431,0.416253920981741,0.377979812165217
971481,0,0
974870,0.30230386992302,0.280717516106936
976762,0.520509191380292,0.461019597936928
977060,0.155557601033843,0.266099591773603
981422,0.19010667155572,0.246504160153898
988055,0.368462176995927,0.400022162506596
988967,0.180994506994008,0.167658218138205
991034,0.226300952742407,0.26178369268231
991144,0.309965209939033,0.329132506645722
991348,0.220574240510991,0.264865231205486
991492,0.240895687490863,0.306955319070673
991771,0.29593371826983,0.310807460290551
995177,0.183764931235866,0.269069117598525
995452,0.201568351452354,0.231507431832736
997430,0.488374156533887,0.494033344504918
997903,0.38554980047803,0.417328848892606
998014,0.369775621819831,0.390957786316402
604138,0.311044049698557,0.304888721999171
605497,0.288243391129794,0.313193717029055
605744,0.332271759512042,0.345681285308808
605959,0.220854517486885,0.213323852483904
606350,0.267473606858059,0.307781346722725
610762,0.400771456840131,0.412684201571436
611171,0.404116776678131,0.38887160609045
611772,0.247450770978736,0.270401675827924
612240,0.239650646634705,0.29998666755549
614182,0.376760761439453,0.34564251132537
617354,0.310136130939031,0.342207013359596
618629,0.289076430775476,0.329968499612953
619843,0.0887029172235808,0.139583608997482
620580,0.096668072275742,0.0825479662788324
620816,0.0217674382816113,0.0352899203499126
622441,0.174655789311851,0.211669512628127
623147,0.290438844548202,0.305912188904681
624642,0.270959291787032,0.333966445647999
627045,0.397011603936516,0.422706246755563
629443,0.364501900159829,0.332756731390933
630993,0.246104343741401,0.258548214100348
632666,0.252656637617932,0.27719074461513
632843,0.339094323677076,0.40063996456921
633254,0.142543239724901,0.160482429179034
640407,0.101094637771563,0.15778632068523
640907,0.195467509243381,0.163520248305192
640915,0.118314201255482,0.167651896923182
674104,0.217374532915588,0.258965813484114
687477,0.0721687836487032,0.0834965721446867
690817,0.0563436169819011,0.131400863963521
708705,0.0618984460590173,0.301457823436918
716879,0.0630253491663254,0.133500313152469
723514,0,0.0940981131459094
730056,0.110133464732153,0.174963553055941
737237,0.0632455532033676,0.0434372242763069
929921,0.153111800470191,0.153111800470191
930069,0.306041346196614,0.378492952767116
930837,NA,NA
930853,NA,NA
931333,0.233126202060078,0.233126202060078
931334,0.057831493196624,0.057831493196624
931422,0.287018923940964,0.287018923940964
933016,0.291385758707179,0.326394699393122
933064,0.221313334068995,0.221313334068995
935579,0.28368325730679,0.291391127844348
936124,0.0536248920171718,0.043314808182421
936125,0.290020946713699,0.312347523777212
936476,0.199377914511691,0.249828708441692
937320,0.248654602222694,0.259264484568287
937398,0.365722426873878,0.35600449731727
938056,0.112154430818409,0.200221821778979
938218,0.272474630456533,0.213904507938782
938250,0.264575131106459,0.220808104256779
939074,0.508771929824561,0.45286283327594
939134,0,0.013224459304239
939278,0.253604262272269,0.272232753240235
939528,0.387701754332696,0.34054075941824
939538,0.403389540800491,0.395318929823828
941861,0.264466061347154,0.246670956633651
941974,0.234344668923344,0.240062718454015
941992,0.393858672291994,0.440118848135662
941995,0.372799369969597,0.375833900502535
941998,0.225743016847835,0.291136177711741
942016,0.255371182448588,0.261602282463177
942135,0.270815609401845,0.29200714714468
942613,0.22308215199751,0.225118325237675
942729,0.392738161707703,0.421312060212051
943086,0.182862954992711,0.154041596847482
943280,0.154021517124155,0.20663777151654
943428,0.180318968289942,0.214872030536365
943660,0.313901580044442,0.352417679135051
943662,0.170597798483735,0.168723994891576
943707,0.149452233903366,0.150668752501647
943856,0.269351136078087,0.255178482319063
944469,0.431717417201822,0.446478689680687
944900,0.433763237058897,0.447943090987495
945273,0.342481353328842,0.355577048862326
945458,0.432390559767777,0.452949013026494
945622,0.24318672855696,0.251691112853817
945656,0.492951526038922,0.488526763706809
945804,0.399404111987044,0.407172797121538
945832,0.164701961467103,0.164566390656565
945858,0.202197561711809,0.203002744781745
946021,0.314173924985666,0.313612223760894
946119,0.163430112615153,0.14209207085391
946375,0.263746223126581,0.283047469623037
946431,0.176045041344844,0.187272249056818
946468,0.387970144899493,0.508445002409089
946472,0.284307510620111,0.279773584738498
946762,0.294291908774943,0.289771241978988
948787,0.0894427190999915,0.0924983224744688
950801,0.358657546598437,0.365928410614584
950884,0.432599061261055,0.422676944804499
950961,0.288399374174037,0.268976237602863
951202,0.269864437750324,0.269656987747698
951732,0.299875226517879,0.304130518673282
952258,0.588583817549887,0.637496732353774
952299,0.351515151515151,0.380237593010958
952625,0.365674820921798,0.372838895876529
953017,0.460706969941503,0.498639493282805
953031,0.217906816820204,0.234327274741536
953908,0.424839069267072,0.418245196583856
953912,0.321488730803426,0.33188895760991
954042,0.351812595228057,0.346879647501082
954047,0.265920498907761,0.257197209171169
954262,0.422202804743566,0.442963449068524
954294,0.102106136793447,0.109332714153203
954304,0.075775620542053,0.0908442319458976
954334,0.174154553730897,0.186051425531161
954407,0.386341647277449,0.379384411416443
954473,0.402933895008167,0.429505877347607
954724,0.36158125475179,0.373956600757451
954755,0.102289636048122,0.119700063196692
954814,0.340568905073755,0.350531671290594
954818,0.363092188706946,0.364972256170906
954862,0.533389039793915,0.518336187013811
955068,0.276599856709018,0.278403204023415
955106,0.321587940412577,0.314383029182606
955111,0.212119763319635,0.20545541657301
955236,0.31304951684997,0.299918803174793
955261,0.456518724760216,0.436309556622455
955441,0.38036111436252,0.415128377620795
955479,0.134212705326712,0.129551663341604
955661,0.298572241014006,0.31613021001698
956128,0.467940469198062,0.464232631991775
957669,0.50837234181577,0.505829656919906
957674,0.195854317832054,0.203729702070639
958118,0.0210032360603525,0.0327500161728515
958333,0.360586429810428,0.405371448529814
958334,0.287479787288034,0.285408833760336
958943,0.41732052134289,0.419281965540138
959289,0.221119016047598,0.224967791431089
959349,0.211525217429461,0.221065193132846
959413,0.311252239318219,0.344475285722156
959661,0.157107851034854,0.142409661399155
959697,0.405456596164686,0.472110642149781
959706,0.317982634188479,0.320735306745344
959832,0.314901893003595,0.332273334547762
959926,0.18216158827753,0.202414110210142
960170,0.35789163129792,0.382843564835657
960354,0.465612051382668,0.491971310154977
960531,0.384232302326853,0.36187099851636
960593,0.387097547063927,0.390761310504202
961230,0.18623125657326,0.205037456930178
961434,0.374828091402971,0.368204501270136
961521,0.211739522099475,0.165304118842958
971669,0.192230154091124,0.171870938668743
971686,0.366690811712568,0.407197437110788
971975,0.191175411146986,0.260659632240055
972801,0.489809732207512,0.451283748875025
973240,0.19464576459026,0.17276613079227
974362,0.179583847651493,0.163880334164077
974793,0.354830399534083,0.34427454167441
974804,0.480096328677612,0.438803716616509
975512,0.211282036285545,0.207071401143564
977135,0.331910773151161,0.365188370118752
977451,0.379451368123096,0.397022956125866
978284,0.398701196951321,0.38541901576728
978341,0.233441052325054,0.237913301157113
978737,0.323262032452324,0.317383860323222
979375,0.453551912568305,0.471744789567511
979859,0.440792251253286,0.444187887029839
979877,0.291118869503524,0.339358291506339
980482,0.0780227926897476,0.105243814044709
980488,0.294889841097236,0.324762074424376
981298,0.181345835064597,0.182474065530975
981383,0.283211188788307,0.312526720754054
981421,0.509118960495128,0.520802821550329
984907,0.425431342276846,0.438831898364596
986263,0.363925675770311,0.353533429988237
987422,0.350506546770392,0.347116504883575
988754,0.388170505686951,0.372988830291825
988778,0.299771886739904,0.311727264675445
989573,0.361815440627972,0.371486409011613
990143,0.17387965127333,0.190140652627479
991127,0.321863154789359,0.360498476123236
991326,0.340020667446433,0.364049345783665
991432,0.462682169841548,0.454762908467373
991517,0.379389019914662,0.391552287903731
995602,0.397398384490671,0.388908421451839
997197,0.463944074251953,0.47548861768548
997544,0.176125581867698,0.167120876407637
997545,0.308447994710902,0.298286905313693
997634,0.182307297249046,0.16665776567242
997845,0.202571239382482,0.241666135767883
998531,0.231385508490168,0.235028990955345
604155,0.328582964285091,0.371512824252935
604291,0.528142617762794,0.552075845376229
604347,0.528176740890918,0.559105121034741
605586,0.356073680256652,0.361675229049613
605593,0.434190230501669,0.489729006740679
605961,0.388096758769616,0.405833148553208
609593,0.123885922616502,0.135665842276828
611852,0.18966081045272,0.209881319433556
614995,0.37729319862503,0.368307241600333
620598,0.432726417087809,0.460781716544224
620887,0.604980012337738,0.626753334848465
621031,0.46782999911671,0.542193408536686
622055,0.210318347433082,0.234618566101733
625403,0.497167116011244,0.504287866741867
628146,0.383722124115933,0.39488695408775
628160,0.203224254831235,0.259158713062402
630985,0.439775575764413,0.440425546556701
631384,0.0370910083600679,0.0245798699354106
631651,0.463234893085118,0.503987402722136
632913,0.391437562859562,0.442543771650964
638789,0.435695430862634,0.464032531352342
639950,0.119207912135854,0.112175104384921
641560,0.560291835242376,0.578345391783571
646484,0.482249289976048,0.507983446060332
651288,0.547897912898647,0.566346370484609
652367,0.475327886225531,0.445881651758879
660141,0.239817644717778,0.257694302924857
660637,0.343203236491822,0.404670153223887
662534,0.324893144826965,0.390377438997049
663509,0.244710116128599,0.267504827727643
664236,0.394700941353231,0.413356483577697
664645,0.429975283766985,0.472716740972918
669064,0.454501108524898,0.467855166749307
671114,0.414318155526703,0.491345322924707
672726,0.42319447923084,0.440771208054323
673024,0.243835723325272,0.250905986194484
676832,0.506730731490409,0.529522713857196
679614,0.471104198065958,0.516238772224445
698630,0.229789314534674,0.461292110594015
702725,0.56079029791426,0.550841248394547
704471,0.140472597165669,0.145180496911263
706231,0.426021699379974,0.408209814587008
710073,0.398006119170007,0.438033714001026
716478,0.472230154130985,0.469152441676736
720633,0.270876325543296,0.306719179465948
722791,0.48279059872058,0.473362126648238
734964,0.570990373950874,0.554226944714233
739660,0.542150463899159,0.563200563967106
786046,0.460287308949162,0.508203775968083
799987,0.407197997263833,0.56437758429308
824823,0.367548536194654,0.413808480089498
872798,0.476435256153806,0.509562415017858
887306,0.360102390773672,0.414164541771675
927143,NA,NA
927245,NA,NA
928101,0.376034934330648,0.376034934330648
928379,0.507020126563394,0.563162590696391
928392,0.416463365036283,0.43304490452506
928393,0.384665243493426,0.382290939672129
928661,0.46604138242837,0.46604138242837
929248,NA,NA
930270,0.429058165160517,0.429058165160517
931589,0.337737555263449,0.349054242692235
932101,0.329296018696763,0.300707431992841
932153,0.152038247816579,0.153711343473512
932650,0.625543242171224,0.625543242171224
932731,0.47578495542055,0.496197491833129
932810,0.615829361403945,0.608258986773819
932887,0.517320817808978,0.509052664647397
932906,0.442325868464691,0.442325868464691
933000,0.395628284037472,0.395628284037472
933035,0.306518472073642,0.322910232841321
933691,0.400308747123087,0.400308747123087
933706,0.177457044297188,0.187620535127329
933864,0.309368580064341,0.301229742438639
934329,0.472532051875369,0.522169678408233
934753,0.31663189112233,0.31663189112233
935830,0.359832973455918,0.413537286996356
935893,0.396177386708442,0.396177386708442
935894,0.140981475370048,0.140981475370048
937016,0.212016728610237,0.224776501272877
937632,0.469371719079086,0.54573650698563
938148,0.515537894812451,0.502974573379553
938450,0.494137645760916,0.506823568301518
938502,0.381912695847771,0.419859561379816
938636,0.381588376345887,0.381338815612543
938743,0.504356277224002,0.518787852384308
938972,0.478722240309138,0.461401500195932
939160,0.516788693842125,0.521228226876899
939509,0.296826088597762,0.293712147002552
939534,0.461164001289665,0.485397039403355
939739,0.410381741373437,0.44344577793697
941103,0.630398760629014,0.622067679501081
941689,0.61430469596206,0.621946191952703
941954,0.561428553069774,0.563858737513444
942008,0.454420287131668,0.464292924109923
942026,0.571390220550692,0.573763263911961
942032,0.286918633022467,0.29920909453945
942038,0.407749015031624,0.439358894361646
942063,0.18687585110316,0.187270588019312
942072,0.375527539329291,0.420248861010395
942347,0.333333333333333,0.372287712379955
942716,0.527215150121927,0.535952065239163
942736,0.400834604871791,0.424885246304779
942792,0.55047055565894,0.557892912315439
943020,0.367560288909773,0.393511993776693
943309,0.381912695847771,0.396958130759099
943354,0.264528481166732,0.267987724411979
943413,0.501839086668563,0.485906584109434
943627,0.237746786033374,0.196922517617312
944160,0.386551707048646,0.384130264592607
944359,0.325863266857233,0.313500208549509
944519,0.462891732412043,0.507298779791871
944703,0.448957840715154,0.44881666795742
944937,0.385129218563304,0.36599913746807
944952,0.527423226802057,0.541784254135036
945297,0.25824671764231,0.297384119145033
945382,0.545791173788259,0.550215519915498
945385,0.336623919617823,0.342990514143166
945406,0.429387437056519,0.439435914378014
945662,0.359835053433336,0.364542985724603
945664,0.339390199577634,0.356809687462269
945865,0.303448564517202,0.313785145825376
946588,0.455752553718537,0.479956393754557
948030,0.525486787309028,0.540321304446688
948965,0.537794004781623,0.534495505697958
950870,0.550782483869826,0.572265706012087
952474,0.276452092380686,0.28220062300124
952495,0.479781047686614,0.502656420305166
954510,0.328098845203418,0.348742916231458
954984,0.318720622228019,0.3291913523672
955086,0.479621656376576,0.491956579990291
955135,0.463816828521958,0.481779248223851
955192,0.303167584294521,0.29272556277172
955477,0.607094461872991,0.593347322754912
955677,0.491504149102194,0.51726459933036
955761,0.468623348903205,0.533719457515036
957702,0.591398051763057,0.627631239378965
957703,0.462067057883608,0.520152833171752
958272,0.368514813027665,0.389306115491718
958377,0.382964376236059,0.396123225825765
958818,0.468569225627653,0.494695456038282
958864,0.220810640558373,0.24458532872249
959411,0.484443423387682,0.478874150048725
959808,0.460638293025357,0.469335002082975
959867,0.327856771680042,0.339095179521937
959893,0.461270242157077,0.437368598885758
960122,0.428806984634455,0.473157611708266
960191,0.560434066658917,0.568145136441363
960422,0.421833667543019,0.421611970883649
960499,0.423057056113325,0.42007483746646
960507,0.367095843464306,0.39475357970838
960538,0.284825960569906,0.33867401064493
960619,0.302702757298341,0.299844034301909
961030,0.552904736177766,0.57614749397524
961244,0.272056683875897,0.299495289009999
961700,0.417552971433725,0.459519882408514
968929,0.13172142244235,0.158029026918923
970793,0.45222194876988,0.461402865021502
971360,0.508963842740185,0.545377815772524
971450,0.501654613093934,0.546323519313513
972982,0.29069927870598,0.262600393307682
975296,0.0718035271357192,0.0823593492701436
978017,0.43939652585187,0.461892887484037
979301,0.497992808292678,0.488950340073174
981382,0.61455870625472,0.590392279690577
982128,0.557813838327313,0.55827345239126
984916,0.50734455826548,0.537573087774222
984988,0.481073207975076,0.456493694538068
989950,0.561863760335147,0.533877985701907
990993,0.447116040650643,0.453201420562079
991782,0.209350715718077,0.260247839047585
991786,0.350781902504257,0.347835860201839
995429,0.457991953995588,0.441659483589706
997559,0.326942648795126,0.349238649928313
997577,0.345493745514239,0.416106808794435
997604,0.218736922210807,0.234237353214767
997653,0.51791924404065,0.545111495013458
997709,0.433348380413336,0.415813346150812
997715,0.472585193945234,0.473485002211366
997924,0.43190457948354,0.506401877945881
998009,0.310294345467238,0.310703472822867
605047,0.34507542632849,0.422561423723258
620232,0.145095250022002,0.152268570617707
622370,0.19426531793857,0.236524958395633
622897,0.0774596669241483,0.22860533202447
628141,0.152145154862546,0.158855180766286
630328,0.22405535747411,0.203771903131288
632677,0.1114881069002,0.116652206545559
632836,0.408047133373324,0.451848057057532
638951,0.322251693317745,0.393876381817529
640836,0.238007140321316,0.215940354714377
640910,0.0730296743340221,0.209192021810465
647153,0.0963086824686154,0.23825505027892
652585,0.255840859626732,0.309632314914665
657807,0.155699788832305,0.116183572804126
659951,0.276026223736942,0.288621770118047
659955,0.143948234007115,0.15595104880022
669580,0.0971660081543702,0.17631456130861
672897,0.0882376794677812,0.0973328526784575
673021,0.132598708826359,0.105317873219178
687023,0.109230922735872,0.146199574185298
691380,0.203362958695521,0.259345354141072
714467,0.0674199862463242,0.0862439361864104
737345,0.0937614461876991,0.111706473500138
760213,0,0.090909090909091
785539,0.102062072615966,0.18198289441185
826388,0.106600358177805,0.159090909090909
895981,0.156524758424985,0.165748386032949
933123,0.0357370844945932,0.0486009869599837
935585,0.207846096908265,0.207846096908265
935591,0.142373699362875,0.142373699362875
938681,0.0962250448649376,0.0962250448649376
938684,0.0949157995752499,0.0949157995752499
939484,NA,NA
939565,0.119617833424335,0.119617833424335
940007,0.179310431852496,0.203302244271509
941832,0,0
942122,0.335410196624968,0.335410196624968
942723,0.220564386628142,0.220564386628142
943006,0.223262522260575,0.223262522260575
943117,0.0581238193719096,0.0581238193719096
945611,0.0793884186037445,0.0752354793863279
945612,0.282982491436685,0.268179210212561
945955,0.0804843636585534,0.0804843636585534
946219,0.26208560988435,0.26099787548594
946376,0.214984853873379,0.222260335972991
948789,0.433839708413666,0.432822549869788
949115,0.2,0.221283646142575
949615,0.109589250939901,0.107970177357189
949618,0.373175896266583,0.373177527633056
950966,0.0723101526062188,0.0694105608393805
952385,0.0640020480983092,0.155291620238897
952841,0.480196038399025,0.477402638380635
954043,0.240192230707631,0.230319321206447
954373,0.240064380466653,0.302421569575518
954826,0.17765058047422,0.187975300493398
955027,0.230089496654211,0.23141286171755
955093,0.161251873934033,0.185730823623234
955103,0.193800633244604,0.193849528633816
958041,0.249485066394583,0.203861064641581
958810,0.0343671698311735,0.0303065092112907
959111,0.077039454303492,0.0739795442874108
959321,0.282170022084276,0.278776137783865
959421,0.307735338091128,0.319406684667903
960342,0.337420926235784,0.359528136454615
960369,0.15593623511709,0.255907337699734
960924,0.288278330098528,0.371354368139361
961515,0.356612577923664,0.328826414881904
971670,0.15503421657365,0.209666488334708
973239,0.222162986656137,0.274730096186873
974820,0.0631748369649087,0.0824786098842323
976357,0.342430347840882,0.346422002311918
977601,0.29600947245468,0.356257246430412
980069,0.292442669309832,0.286351330620455
980070,0.292442669309832,0.235444427399041
980071,0.336816534854304,0.290688837074973
988983,0.293158053893005,0.320392557906749
991337,0.192538511553852,0.151121930366965
991496,0.192007369820431,0.181212134907787
994624,0.102673517272283,0.128957421238866
997381,0.146551724137931,0.20391446449325
997603,0.204926207831424,0.203302244271509
605252,0.339662379529604,0.327196856063094
605747,0.397061017329797,0.454164874429444
605819,0.307012538987268,0.325341219332127
606290,0.279457331705667,0.31050639940877
609390,0.278564950711855,0.333790288769051
612081,0.270146394408179,0.314404151947726
612200,0.229625648576268,0.190392261769549
615810,0.238387414869757,0.276899969818081
616326,0.408223375246699,0.486558002299958
617357,0.199885812151697,0.247643381396282
618273,0.291897357408253,0.332233424363821
619747,0.0578602248356874,0.0592446777622408
624639,0.396876477332181,0.443678254708056
625123,0.50268332387831,0.546681205487268
626255,0.225642063259986,0.256905905999735
626302,0.417215493370404,0.457425808702402
627222,0.135698673635028,0.133061021691043
627288,0.322460037418841,0.331050451942062
627462,0.356932822823133,0.363678852818135
627574,0.397553493869448,0.416471797281593
628132,0.146647115021353,0.223529465291242
630380,0.405523798834136,0.43610332846643
630498,0.341259626706734,0.358601883694669
631927,0.074337020602186,0.0839343392084112
632139,0.256091108448846,0.2488817878363
632147,0.273511888024899,0.321764782845746
632378,0.370744102054743,0.389372676733181
632402,0.32275910790312,0.338547595877886
632493,0.402351126826933,0.414411665716496
632833,0.241943351563654,0.269422438506906
632857,0.175987892449485,0.215573585748449
632865,0.13219579477177,0.176301181338087
632876,0.410464828405755,0.436111191105821
632920,0.356484182985103,0.335781109019678
633248,0.149947411734777,0.145979527875706
634475,0.161712421768848,0.185379663029421
637335,0.0995537857262078,0.157976582302971
639691,0.393473259817067,0.381173321126551
640098,0.310538073664898,0.336153462546986
645152,0.627310543924235,0.637549395500361
645626,0.19400841549155,0.17283457488632
647145,0.509495597539025,0.52503753060721
649290,0.514495755427527,0.539719823203826
650816,0.501767030110037,0.473730344577704
652995,0.285279359449535,0.287505925378491
656451,0.408531304910654,0.360234577932074
656452,0.448906008203463,0.453141496638207
661935,0.257765306083139,0.304726443920056
663204,0.426660092991431,0.458764002926273
664912,0.297902516552378,0.312611993160602
668444,0.574335628142666,0.541161787352103
672341,0.32596542573016,0.318814879914307
672372,0.376392452583637,0.372094162012413
672739,0.378422753241833,0.428171674607413
672903,0.326226511415373,0.345830967952142
676300,0.148782180532653,0.176499758401639
679855,0.0960384845692316,0.106657969842426
690620,0.506139590744055,0.519212400484863
691940,0.391292790435615,0.443546208133996
697075,0.512910248559066,0.545311928978369
697675,0.347314355823594,0.392276910607734
702679,0.44194614222302,0.427634816781713
704518,0.401642717384473,0.433615364260265
711378,0.312503114085132,0.361943861009204
711402,0.239581099294192,0.303243036541233
713750,0.315576420802086,0.337256394424651
717252,0.323663939588172,0.329872885983072
726154,0.197545919329918,0.307883543218704
737969,0.177471301883223,0.383040686456164
761141,0.39284947328642,0.526280712828283
800883,0.282038037408883,0.340674089683712
927448,0.360790093441358,0.360790093441358
927449,NA,NA
928262,NA,NA
928263,NA,NA
928289,0.315063018906302,0.315063018906302
928296,NA,NA
928311,0.472594528359454,0.472594528359454
928316,NA,NA
928333,NA,NA
928412,NA,NA
928463,NA,NA
928676,0.266887267510689,0.266887267510689
929261,0.366679398811285,0.366679398811285
930083,0.322254036310385,0.330399864728587
930760,0.421859259912384,0.418670829427427
930852,NA,NA
930863,0.246717581897584,0.246717581897584
930953,0.359625157687238,0.359625157687238
932128,0.103907763973332,0.130858055404859
932164,0.566356388358821,0.566356388358821
932196,0.456004661787933,0.456004661787933
932214,0.321428571428571,0.31067739050954
932239,0.0229839513130556,0.0229839513130556
932465,0.403585624040554,0.403585624040554
932685,0.288526140967032,0.29119636267891
932715,0.360231799196771,0.360231799196771
932867,0.32022238035677,0.32022238035677
932932,0.264071308881397,0.264071308881397
932938,0.345757172881301,0.345757172881301
932993,0.48820841617809,0.48820841617809
933010,0.276568617589048,0.255506368098918
933059,0.246031746031746,0.222273254998695
933142,0.327500161728515,0.327500161728515
933693,0.562017573147839,0.562017573147839
933705,0.311625119420376,0.311625119420376
933709,0.537706088411629,0.537706088411629
933860,0.193995898415793,0.193995898415793
933868,0.218523213844539,0.218523213844539
933907,0.458756099141867,0.449426397204404
934381,0.232616485761119,0.238958653671724
934868,0.412826919135498,0.436930549682525
935088,0.438866729387554,0.438866729387554
935184,0.240098019199513,0.223830740517922
935290,0.242592712391493,0.242592712391493
935371,0.0501955861057691,0.0528206853441002
935581,0.136082763487954,0.148488015876636
935644,0.181015026749983,0.176215510932108
935845,0.271703837878472,0.329333270935098
936391,0.268851433211707,0.270427746345509
936427,0.426179745163302,0.413810311448337
936447,0.175464335443496,0.185359981507875
936582,0.205783171611701,0.205914428108079
936838,0.106740793452257,0.106740793452257
937279,0.367423461417477,0.392299335724456
937756,0.185471628024886,0.177505967850961
938066,0.306785995538948,0.320320480801402
938113,0.143125289466427,0.169272421241504
938344,0.483615580603435,0.490091465942663
938464,0.342997170285018,0.34693764780278
938657,0.349001347978838,0.370732708790525
938798,0.536518983316376,0.539063941863249
938801,0.442446574635447,0.445715306767357
938830,0.343043397734894,0.331832420751187
939022,0.530330085889911,0.573316672834101
939214,0.15464664947281,0.143127146870154
939307,0.400980272145898,0.412968080678053
939464,0.214179868038562,0.218407562492779
939471,0.201967721312039,0.229058109749986
939490,0.381036392946115,0.396329936675652
939512,0.312156295327896,0.339988185343788
939542,0.305452204498924,0.275864946350262
939597,0.42591770999996,0.467648855935209
939619,0.349989409523061,0.327852661934486
939852,0.281780212616714,0.308671937574194
939988,0.212531945755163,0.193079710195238
940560,0.329510144657276,0.357255447452181
941592,0.187853475077809,0.189951961584119
941593,0.202030508910442,0.182175391367845
941633,0.494032181755571,0.499015262461188
941650,0.360829535975301,0.363852297382538
941762,0.262000129382812,0.308423221986838
941823,0.0997626207698417,0.0862764293953087
941937,0.321439361061895,0.306472949130486
941947,0.296171192758744,0.321473216986682
942037,0.0898388836761542,0.116153661621163
942052,0.183643641238016,0.212108627432992
942162,0.170262968078768,0.154975946067928
942522,0.16915074882661,0.188061666360805
942640,0.189688105669161,0.173700350332248
942739,0.197129661966288,0.204750469046255
942777,0.393636908995881,0.373345246919355
942984,0.0677409768254257,0.0975132901351075
943048,0.219820973077339,0.225318496979437
943135,0.261726302855317,0.266556994991592
943140,0.214753020735682,0.204920890963853
943565,0.404563680113166,0.43233559892477
943652,0.0712247357745815,0.0716437860543433
943720,0.224176720911572,0.235457374864051
943743,0.287943632234989,0.27634740711742
943748,0.22097307111151,0.228892007324078
943896,0.145024592481887,0.117040479437003
943927,0.171538951998462,0.181124058226653
944026,0.239697986001846,0.252630121888803
944146,0.300870965777841,0.351906643566431
944243,0.252636276768049,0.306133221531127
944252,0.344595887410088,0.349076651172413
944281,0.481591749883711,0.518707428512302
944510,0.368934676648479,0.360264147017097
944714,0.098666112927717,0.107642383945448
944734,0.431312775946166,0.455394479513883
944801,0.223339778436537,0.197449625919698
944908,0.203913599384018,0.210512597955085
944951,0.194032252090948,0.20191607644082
944960,0.406325067701728,0.413873457475482
945071,0.331753576548583,0.310904081245909
945118,0.389110924479974,0.438517215942599
945190,0.441119338923952,0.443929300625994
945209,0.256569411414952,0.270274603616414
945390,0.0955433393709366,0.0868636056077319
945505,0.540480444257189,0.558865540553736
945510,0.405360333192892,0.439349114712425
945632,0.340897640179017,0.378684612572005
945802,0.253694902406436,0.255866151096891
945921,0.339111790237297,0.332379880227683
945926,0.184982298041076,0.185190776737493
946131,0.137577947090209,0.160332206381444
946181,0.372170787682226,0.411883787686212
946195,0.342180588976108,0.351498333132951
946237,0.16204383878839,0.19585116204088
946299,0.103481892253145,0.131274749674552
946384,0.231634476110224,0.242399511565476
946395,0.405356058998381,0.400577247153529
946407,0.358345026863419,0.360346442123077
946531,0.263501799577473,0.232216938011468
946532,0.275182432433664,0.258847709859345
946535,0.425627436501712,0.438537266005585
946583,0.21249840503313,0.200019326472481
946760,0.269384486178444,0.295390069072445
946790,0.0763881981711804,0.0886321182607177
947077,0.40695814921297,0.446307386675159
947988,0.100259510099674,0.110790147825897
948805,0.571396096464553,0.594575561782083
948807,0.388542913441809,0.400327921496504
949120,0.330147084964287,0.341571183351751
949453,0.465982529715832,0.500799506934077
949620,0.220153886638565,0.240977801287857
950919,0.0797731287353043,0.0747992464263214
950923,0.417828464397982,0.429701699582551
950962,0.0986241382612456,0.120672845401475
951177,0.446174291193622,0.42525562874215
952255,0.369585217124076,0.359776947968126
952468,0.1883924718942,0.20685720094603
952480,0.124089897916191,0.131299735431299
952615,0.261125757029913,0.257139125445665
952624,0.257392754625395,0.269611869774069
952844,0.128959704578394,0.109402924817192
953866,0.362682314896194,0.41585719030662
953920,0.234032429780361,0.251625439045158
954025,0.0603632727439151,0.0528370675202818
954049,0.352119091006171,0.337570153601801
954052,0.229415733870562,0.21351455062278
954120,0.232751430385415,0.237641560219563
954363,0.273006243335853,0.289938330054393
954383,0.326521278408862,0.331920410286125
954411,0.16122234051536,0.166516834662237
954506,0.50130563134949,0.520475769071671
954744,0.235623303830107,0.207079483844152
954837,0.28929778322244,0.287821531046421
954981,0.295160576320626,0.309170218562129
954982,0.18955164088291,0.181138865437188
954991,0.426259887043057,0.406042234188101
955045,0.305896836358154,0.278135229520821
955249,0.373062002530355,0.359878042161815
955263,0.233239329435071,0.228765589952979
955340,0.311584845501399,0.30617909881099
955428,0.293189163146968,0.310891146134843
955439,0.255527313647025,0.256207479219154
956707,0.205725143445495,0.181335926679501
957942,0.192287403745984,0.217128160726143
957950,0.534996497291413,0.554192311677335
958083,0.522629262356492,0.528242633666105
958254,0.268767051242763,0.285372296560138
958262,0.367342927502636,0.355779224236466
958432,0.285327862620302,0.29520164198567
958446,0.569017353282561,0.565349468843664
958531,0.292412155035543,0.288646534492242
958702,0.417397065561714,0.429372147419637
958704,0.465059175019925,0.455578764974511
958777,0.38148283365872,0.372195324086452
958882,0.273744471180887,0.277873682274022
958912,0.379471237079212,0.388179671169203
959011,0.332688913184206,0.334572630482052
959013,0.447892071014762,0.465293511588967
959188,0.430060600826253,0.444727351388022
959291,0.434262273401057,0.468496112003623
959424,0.343335145126481,0.349037941697442
959888,0.148945182478732,0.148468303533903
959972,0.38512685785389,0.375070838290491
960208,0.298229781808746,0.285759018269795
960221,0.138801462071669,0.159265013319438
960292,0.339028905303751,0.368176075123885
960344,0.28859555423664,0.298908725755679
960358,0.466194855458478,0.510848809568065
960362,0.293496577868389,0.340638415713635
960381,0.328261246035445,0.340037500647791
960401,0.161979485107118,0.144217011173291
960428,0.257134461052635,0.29236595372706
960521,0.365864016358142,0.370626310369088
960558,0.253034710485655,0.28525368109898
960591,0.0908958992028799,0.114929197796318
960629,0.388082453526798,0.390241651698152
960731,0.230124910640488,0.220212835077709
960821,0.548773405632743,0.561002608176083
961213,0.409401346161931,0.404603053555624
961399,0.25161082706868,0.252492305111886
961698,0.235562495775151,0.251487494614387
961775,0.285082592954487,0.271428530965771
971262,0.356434930479857,0.39528269077777
972664,0.298984469821161,0.334631431094508
973379,0.425319891336836,0.444265982012716
974354,0.245406407432093,0.287893432280099
975164,0.267529057322244,0.258350264610871
975175,0.324841858055909,0.313590139486296
976277,0.201011254752497,0.230313788278422
976860,0.484623395439213,0.491711463869648
977020,0.0938646508927865,0.130070852714059
981301,0.435800964455283,0.436276468263548
984805,0.0567848773265703,0.0647142568125663
985985,0.460993777089521,0.474077170806187
986202,0.256771354832311,0.245237703713165
986258,0.504522498548727,0.531931546920182
987007,0.231994948330681,0.209532127123703
987827,0.248685888039162,0.274014407731863
988394,0.0832808729357305,0.0826779351121288
988758,0.0669080451660076,0.066134000363964
988954,0.430445669121132,0.443745035087096
988956,0.430169206083309,0.430740170612143
989134,0.156235002971684,0.168857258424469
990635,0.390381114335082,0.372695108447612
990875,0.220217282937121,0.232700338320807
991039,0.244797691541948,0.281894503742468
991045,0.465941570905649,0.499872132214937
991145,0.110863314269241,0.12794796326823
991333,0.360196226435908,0.353955095385617
991339,0.282479970360743,0.288649683017819
991352,0.122226466270428,0.133083393163711
991753,0.380487832881989,0.433363569005402
994906,0.276123209218197,0.281446126643407
995068,0.170338974183385,0.194411264243867
995478,0.264789188690913,0.271865241940186
995950,0.316358519698678,0.323115727084613
996445,0.360675282412507,0.378934502582893
996719,0.278014464075855,0.306575245093711
996875,0.374449357744726,0.386178949335515
997301,0.284530185243632,0.321778269494192
997304,0.219726251233377,0.244591224818874
997359,0.182384301035021,0.205488320382818
997427,0.330510718134469,0.309096556287757
997428,0.0625764339285243,0.0795955964369616
997443,0.31466069210091,0.331140257834526
997571,0.166748106528193,0.167801192009609
997600,0.176442641180391,0.189199956698896
997628,0.249451808370521,0.23348876911836
997633,0.157532366205645,0.159399397364735
997708,0.417365006184151,0.431408274722363
997720,0.235004257822583,0.218229304892338
997752,0.215698990703644,0.246967434714354
997753,0.365407185616524,0.340279444958327
998050,0.0934120892829298,0.0827444785940291
998530,0.227370617929492,0.234850764902856
999086,0.26047334629169,0.267705267541342
999501,0.32690978842039,0.334703781331091
