"game_id","wordtype_wm_pct_95p_mc_90score_1yr","wordtype_wm_pct_95p_mc_90score_2yr"
516505,NA,NA
531290,0.167185261596978,0.18684148871867
605302,0.0960341656683172,0.0921478598241731
605579,0.264763147011773,0.252725132191915
605601,0.15937008664493,0.167284963025355
605604,0.270950959107971,0.278624258871114
605975,0.276720741953326,0.316534576278829
605976,0.17538407320066,0.242919734812901
605993,0.341337879149323,0.342947071871493
606288,0.0846388958461679,0.059110575177659
606544,0.204572967553118,0.232916057965509
609595,0.382787717002764,0.41803167361889
611500,0.270802147972452,0.278104383155468
611664,0.105983250082133,0.142939210606274
611671,0.263553391850518,0.253184841770917
612247,0.154528774990922,0.151608852119072
614208,0.164318050991338,0.164575073852674
614909,0.105787223816733,0.150355905549295
615288,0.261116483933547,0.306939373353216
615426,0.23554936829452,0.300353775814838
615699,0.153806833580549,0.167292600150148
615816,0.31935551754028,0.317783842174477
618245,0.297863051546077,0.299254129353841
618770,0.358428923601484,0.363655429640499
621796,0.350346137801086,0.337739155796846
622414,0.298251347267449,0.283730760852763
625218,0.184567610721596,0.168602662182868
625528,0.2931407752525,0.29272217041984
625933,0.228106228015365,0.226733209517909
626268,0.306476165367675,0.342841125679925
626631,0.349966518688835,0.362836772436518
628136,0.227229615606419,0.264053407562264
628357,0.125004340503847,0.131149238320067
631685,0.179828552954506,0.200992462757861
631936,0.229655774314455,0.226185969519386
632145,0.383729458657478,0.410026190178279
632513,0.00847914469415461,0.00923307505577712
632705,0.291090868213729,0.283203877322347
632874,0.195227451706603,0.215670949556176
632899,0.125004340503847,0.117582075735233
632900,0.133121262138921,0.179405953751812
633400,0.231063851379493,0.244745137559771
634491,0.281575145175995,0.297358893864404
636040,0.259052454863155,0.302466026991352
640253,0.368425564980807,0.339704554207306
640643,0.122659806064059,0.144948615067896
640660,0.388914130203709,0.400944018188295
643006,0.376366336911274,0.395839411397689
644272,0.234574650599972,0.331276256942722
647136,0.340466210133024,0.358918474431486
649270,0.331653292090979,0.333956010285761
651559,0.31158193292546,0.324199084510837
652686,0.340830025804529,0.391929971757258
652988,0.193016398231277,0.191085331084037
652999,0.420303523973816,0.444815135669684
655774,0.08272911497096,0.101201881248011
664240,0.346394480814787,0.365139096293932
666508,0.192582221629911,0.206240372988526
667703,0.32598257162361,0.349522180262855
669884,0.421589224833343,0.460031633598803
670379,0.321652624048343,0.388977768376364
670455,0.0955267251912557,0.094242377372214
672705,0.168502102498101,0.21033336354643
672717,0.236341392238065,0.245215914487838
672893,0.312379233495957,0.321791058581995
673455,0.113195458588684,0.119719334848699
680069,0.244255407607225,0.278508032314529
681534,0.178150108063733,0.18957037486389
683105,0.290122643033831,0.303903435779274
683187,0.305816457085355,0.302247336541599
684836,0.292165447548012,0.35926229920919
691870,0.255856901314658,0.29353074494721
695534,0.201246117974981,0.19607540670418
696965,0.20176239351112,0.160085979476528
700994,0.39266480514904,0.486287315856677
703246,0.322638889722108,0.288950456674174
704458,0.275999070500564,0.27056834129451
705969,0.166752821578943,0.188185103673569
707754,0.234083161516271,0.277362647512252
710576,0.285794038482263,0.360989125366395
715207,0.136615081443412,0.143299331893232
717342,0.249112423233632,0.232887910476593
720002,0.146805054878676,0.13251543717527
721166,0.171166062124606,0.184513027079584
722936,0.167563430349899,0.204836622599676
723569,0.203607790352298,0.281150676307487
727962,0.22416791983111,0.270233047922555
728005,0.163166173630848,0.142072785693378
730735,0.0616431126530403,0.082927368635046
735149,0.144157482926223,0.196653931765217
739464,0.179706778051997,0.195370403203912
739681,0,0.0101786772406259
762884,0.255145953337537,0.258432977637261
763436,0.224070232024846,0.230187592316598
768265,0.301359602572895,0.309429774522473
809372,0.219735446710193,0.277563196764852
813891,0.0486936639665983,0.156890913324585
826286,0.137812365417678,0.229169711565078
926309,0.077151674981046,0.077151674981046
926596,0.216614685379182,0.274558279050224
926821,0.150892910070864,0.150892910070864
926934,0.265949844196228,0.265949844196228
926982,0.240192230707631,0.240192230707631
928006,0.261446802198357,0.262537434764071
928235,0.138013111868471,0.138013111868471
928326,0.155747955821495,0.155747955821495
928332,0.0946320446814767,0.0946320446814767
928376,0.207834073797216,0.249527684094159
928519,0.251754407489007,0.266076042095096
928546,0.383355718511986,0.431301577560222
929179,0.0668153104781061,0.0668153104781061
929198,0.32135138034508,0.355337240244049
929232,0.229086282446698,0.238290441236861
929914,0.238667185252719,0.265014662747482
930036,0.335490853160131,0.329581802643137
930085,0.19169353531941,0.18929940971212
930144,0.226767974827002,0.216052390747189
930278,0.0574959574576068,0.0739303722716691
930280,0.165925542192163,0.152985765217274
931221,0.271083353596815,0.255731758030556
932031,0.278524249529117,0.281718084909506
932117,0.20088078438073,0.187175324431733
932363,0.0414157683281291,0.0414157683281291
932470,0.0749531688995861,0.0749531688995861
932520,0.144195432780118,0.155134350376268
932594,0.251860063284698,0.294152106774342
932673,0.120013716637183,0.192006144294928
932853,0.1925107516982,0.19410774385513
932882,0.178262554474451,0.209183651657091
932914,0.204335344610963,0.204335344610963
932984,0.26960744062991,0.276734898213464
933007,0.160019869300535,0.184695344176644
933037,0.167436427245732,0.182737417146904
933078,0.381535870205102,0.402104594108243
933119,0.169333502666921,0.190792886112389
934380,0.184629041114617,0.190174565282241
934443,0.205409059549769,0.187976528379885
934872,0.249053189919211,0.240039679259592
935677,0.0939060283031684,0.0949157995752498
935895,0.115134732500681,0.102671245709162
936034,0.283201859226309,0.277078372664688
937715,0.238545931452117,0.249567099242311
937748,0.210042012604202,0.230993584603203
938028,0.243396877570915,0.267967982418557
938068,0.236149052900097,0.209482645399098
938207,0.0400400601001753,0.0588330727473188
938400,0.410818119099539,0.431649805909365
938508,0.381041873395169,0.365298643952599
938877,0.240901583933122,0.241688769988308
938954,0.367251154303406,0.385099145706929
939097,0.318638956884409,0.314383856618506
939336,0.334919950034133,0.350113437852142
939405,0.3601555031461,0.343592135468139
939413,0.144826312574912,0.147340933905178
939451,0.234252296055922,0.281631934912555
939458,0.117279399141822,0.126878804523275
939462,0.330653371303852,0.391610500036108
939465,0.344516233503055,0.393397896234722
940567,0.132350231385998,0.152173913043478
941882,0.299104029855742,0.31767048651178
941951,0.262042414892728,0.265115791464573
941960,0.231648145564923,0.233976362813404
942006,0.268930201925088,0.253723999114927
942025,0.288494956609137,0.313170561409736
942059,0.271434854473115,0.263822426505544
942198,0.0434828276739337,0.0510018248779418
942280,0.205030504917192,0.196498587917097
942291,0.25234746934142,0.248712437791777
942350,0.153950371372979,0.151970559847909
942420,0.102803648525108,0.141428427835496
942874,0.287557918529988,0.292851928028911
942937,0.170483098370936,0.222897731652981
942955,0.18504840082369,0.159335895305169
942960,0.36401209780707,0.356380392199302
943273,0.334388522212983,0.365018251368864
943397,0.3783981220909,0.436060083370062
943494,0.263425735594695,0.285278928183265
943495,0.141489914674361,0.166815587024002
943500,0.232172800869701,0.236397219099493
943672,0.318524118577922,0.318318605866303
943679,0.289259582320275,0.257021386773911
943732,0.311258917206772,0.309042687944626
943806,0.457983193277311,0.452207494493183
943928,0.327324449615965,0.331100294720794
943951,0.273429949703582,0.309936303431928
944089,0.136966017400232,0.125977955786437
944568,0.195349597901484,0.18476777221608
944706,0.382550405090333,0.392837100659194
944924,0.253756614051788,0.279159765302221
945121,0.172756823239687,0.183594130433789
945905,0.254837369594973,0.281889163634607
945943,0.299214171118725,0.319692107158613
946162,0.130143344177083,0.118521770189192
946208,0.170169118695282,0.169145273602872
946345,0.275478045316326,0.307046096585488
946617,0.163056932305649,0.181000857601333
946788,0.230655523331547,0.254074241249659
948959,0.39271493436022,0.408682874672994
950186,0.253594826361255,0.283439206645753
950874,0.295091880436614,0.317841760663047
950878,0.245830809471161,0.274212234390156
950897,0.251058986833931,0.215239468229144
950940,0.21750739647707,0.255863379451213
950974,0.180094668204349,0.171837850726612
951867,0.175547159729157,0.170924203842699
951897,0.160222504095394,0.196950243160049
952337,0.290883007177049,0.306789242663932
952370,0.268159369335812,0.310719645860849
952373,0.270470435790255,0.291553300222071
952493,0.257769631113234,0.28748226218042
952594,0.446441338671821,0.435936634705601
952858,0.30522334498295,0.33697969219951
954263,0.170801463683856,0.177748521169701
954855,0.18708936561001,0.173442553185623
955120,0.203317995384812,0.225685216314894
955125,0.273710515581921,0.281822823308555
955480,0.186709053918997,0.192702480881484
956191,0.192497555531492,0.203418489932562
956856,0.378184318582274,0.368717431192353
957923,0.116198578754825,0.0918881021674249
957984,0.0198968042329834,0.0327736762672231
957999,0.269935687048443,0.294881868377436
958268,0.243243315765523,0.239498269091924
958890,0.130899571286426,0.125409457765371
958956,0.37573457465109,0.414110987303727
959196,0.212984196863067,0.24448413495369
959216,0.2680839670886,0.26030505523802
959272,0.194503686431337,0.204428517026823
959942,0.226419572441983,0.222681843225652
960116,0.308363912773138,0.312279606884113
960171,0.330761326584928,0.335468439959531
960216,0.466612874608954,0.474775031286869
960403,0.308169919494494,0.33292345819018
960443,0.319703075950328,0.333870338172795
960494,0.104027127647423,0.121235715082727
960509,0.0705931208002519,0.095202122396307
960554,0.203728000964856,0.235068285828401
960633,0.0645646696923887,0.0604431005630091
960699,0.31500081353621,0.319296143351516
961274,0.133265009817019,0.128673916144863
961275,0.368031925569231,0.360802559990248
961285,0.167273106884203,0.194316821002979
961686,0.374667862462262,0.385390673197168
972053,0.275491502044702,0.327685330524542
974869,0.189430380924504,0.180769102480118
975240,0.194896116236397,0.217361432934684
976418,0.351806020535973,0.345795169431374
976803,0.0487671446650545,0.0940634878486949
978268,0.21620779033485,0.21711403596113
980491,0.29396173579176,0.304412630467856
981375,0.215258189517309,0.213473177446152
981376,0.169002328789864,0.174660333925169
981379,0.300066688897122,0.310300241272028
988571,0.2335930254931,0.287068514721461
988768,0.207785731454753,0.264275377007585
988809,0.217136748487534,0.235297535210515
989132,0,0.0195890238190334
989150,0.182910452910621,0.20556856625173
989945,0.307201752603762,0.322496101159718
991065,0.193649167310371,0.235326616645811
991428,0.474113669927053,0.452153489213054
995071,0.228747855498907,0.232289489777785
996092,0.242422475683295,0.257254180414398
996489,0.259549547034796,0.263542017807747
996557,0.299953135983467,0.327084263814869
997056,0.278101255606738,0.298110560619416
997308,0.292128131845636,0.362426908895368
997663,0.303827100192748,0.321180030235475
997755,0.329541021828654,0.3738672697515
997846,0.275658802861161,0.299177357337598
997926,0.254766734489561,0.251875375418221
997931,0.497471641899294,0.492317775283921
998171,0.247488012589703,0.229219763026044
999091,0.278654852208915,0.275407079875926
999483,0.103054455995821,0.11627169080906
516508,NA,NA
603731,0.312386012837373,0.302887284266009
604077,0.317133337561779,0.317209431104123
604137,0.178471101439605,0.191627168087078
605052,0.436778137398691,0.469641313357066
605150,0.152527723625149,0.153618646218763
605192,0.252263626884091,0.265241464428939
605238,0.0964675060745038,0.0751110796205602
605243,0.10296701053587,0.119840983304925
605254,0.224617515201802,0.222781013194925
605257,0.0737526842321251,0.0743843646397066
605266,0.302980821201061,0.288139834616069
605273,0.0908238343106595,0.100241752907457
605304,0.405551437809381,0.427176294091528
605345,0.103481548211083,0.102411496814232
605501,0.040223946764073,0.0554029665123529
605506,0.305000950058145,0.321250360313118
605598,0.152198888079457,0.167462731463636
605724,0.149083622652902,0.152820266376611
605745,0.165602306575456,0.161768202689882
605791,0.258600055439164,0.253394280148849
605800,0.210005272060512,0.225457916100429
605821,0.28892884230603,0.283884946393524
606286,0.28390099823815,0.285430364571142
606303,0.378251810397629,0.381405748447716
606327,0.464619353147324,0.475125781603186
609164,0.319745942103579,0.338527517065858
609526,0.3120535060622,0.314042382767521
609557,0.114154392561122,0.143633497607591
610121,0.393950872115378,0.399250355542785
610133,0.115681123442685,0.119006267227525
610420,0.301623808084968,0.308373512342028
610675,0.239113369654885,0.230723089372087
610678,0.264787947967803,0.250547375792146
610767,0.289483102816149,0.307137450999407
610876,0.363444503435708,0.361662245750573
611419,0.174298776082595,0.172886025219902
611501,0.282946322447737,0.324232490233166
611666,0.317396152388463,0.317415450217515
611715,0.28880041761119,0.339376797091474
611857,0.267214657632252,0.243966266500416
611875,0.311367324045382,0.301710866197244
612072,0.388248690308216,0.392226389310625
612079,0.135231975752474,0.136920489167289
612198,0.141502223759463,0.132263078550027
612230,0.254324602331372,0.271179111167761
612410,0.203066568857102,0.186948738781492
614177,0.0821652310136792,0.0878766432115105
614204,0.399943611778845,0.382872913731946
614508,0.0921847734360953,0.11333276200903
614524,0.485403126108379,0.486091153208052
614978,0.173751606491804,0.173585214641099
615370,0.168742944782998,0.167758123313024
615371,0.11861509870465,0.137954598084727
618775,0.359431776230906,0.385236885659431
619503,0.333322313138825,0.353925269493284
619744,0.232350744433085,0.237082331075451
619910,0.110771852619256,0.109313393109975
619946,0.203311474528705,0.201391805240127
620242,0.29279679922233,0.330346483324039
620290,0.286051232420167,0.29384211119162
620506,0.248185457578174,0.256025945277082
620509,0.201088979318935,0.230261573174899
620822,0.0209388386153017,0.0321073538206229
620823,0.102806452152726,0.100270350435762
620881,0.24325212770526,0.234738586629069
621185,0.275374041712574,0.273027374940457
621206,0.134008802154714,0.107987444966856
621209,0.116383363696576,0.126861723688274
621309,0.168378916651705,0.185911173228753
621319,0.300501002548974,0.31145124212387
621666,0.269393947524746,0.269202085089042
621801,0.261425624271412,0.243831516293777
622607,0.165581198398979,0.140823363211972
623058,0.0945422413358643,0.0900371241261218
623294,0.318753454138325,0.335732897965772
623313,0.162840401010996,0.143440099714997
623315,0.248672948456638,0.25912893661665
624516,0.0598041629930715,0.0821483579990257
624548,0.127522537338392,0.126395381472218
625202,0,0.0152462133479004
625676,0.449317914040974,0.438041583314355
625684,0.233711138290066,0.203948946184951
625782,0.368819631115139,0.377650422920151
625850,0.344377751040707,0.36467171390151
625894,0.346950339578934,0.373389545575359
625926,0.221663377107701,0.237301093953211
625928,0.204913669449953,0.200876984725909
626535,0.152684209182249,0.142911836811864
626633,0.0878253736316661,0.0861677359161699
627044,0.282577043313369,0.311341524824615
627150,0.329321557136826,0.343342414892526
627224,0.112880736150878,0.134487538978069
627416,0.374391766557187,0.377003295447531
627553,0.231283328168363,0.233987716934148
628015,0.202913544089278,0.200382855004894
628029,0.253628301032141,0.263504128734201
629734,0.128112965769619,0.133386257719118
630107,0.126772006321417,0.13320184817437
630214,0.33857486618578,0.345294738005466
630325,0.446992574057789,0.471368789926235
630363,0.235833315318289,0.262702431136362
630384,0.377557840860289,0.389169030870678
630670,0.169851219212006,0.187219446785801
631928,0.271863850148302,0.264309003660918
632665,0.247486501058946,0.235161017069183
632676,0.22487662379353,0.265169886869984
632689,0.0901476167859761,0.109550046553186
632699,0.308615395887665,0.334916125333641
632713,0.265765901515485,0.275697928620683
632801,0.210005272060512,0.196676054470587
632841,0.190553530990989,0.198435708275333
632849,0.418763458741063,0.394976411906141
632877,0.431897743810986,0.41031556153736
632881,0.37789863039261,0.416900451130492
632882,0.0721180934287809,0.0790197057104949
632888,0.0737062134762489,0.0917186643283758
632906,0.250150169490523,0.252254812084177
632923,0.246156144714689,0.241705916974319
632976,0.117904366031387,0.131942371646973
633221,0.334864917390062,0.345586294553661
633261,0.212170140545888,0.249170960989546
633402,0.275908641201563,0.27012650414771
634005,0.169249732647614,0.17881018193217
634060,0.363004094631291,0.347102252555998
634344,0.175138417870008,0.210812892151085
634488,0.212812443011422,0.247544484280895
635231,0.215294713399004,0.231102605518226
635632,0.258553413607616,0.281826228164663
635803,0.242382513489872,0.28190016854415
636218,0.263182063730161,0.286783117284501
636542,0.223687984577352,0.204585838379176
637240,0.208624354924895,0.251682978435223
637269,0.205179716935726,0.218257557524006
637289,0.341054225124614,0.331226872681429
637316,0.366244733920789,0.361692866353861
637876,0.269902552780734,0.28460601141502
637912,0.256984678783465,0.27787799076806
638431,0.309522113543385,0.327975987040293
638784,0.356641460110069,0.346991677373297
639758,0.296259786762357,0.270052222727272
639766,0.226951307474937,0.215198914233378
640103,0.317336824321202,0.325813269947372
640403,0.161151520636063,0.165196392316529
640651,0.359203114561447,0.34616857933437
640837,0.0782341330968357,0.122246018097108
640838,0.15312806727595,0.148158563621754
640857,0.278957555462805,0.26526330789897
641159,0.209387275456604,0.197682970303757
641694,0.407813309345061,0.388881111236231
641697,0.123242004527786,0.12083120331487
641698,0.300748506304028,0.30362456688185
641824,0.303268723577139,0.322585872492698
642666,0.289791690451761,0.292072789310219
643242,0.202803317013013,0.19854141244934
643391,0.187397690423677,0.196205161396063
643664,0.329438982086903,0.368049944119237
644714,0.419660634247056,0.419988168266342
644809,0.367719834060835,0.355739260939113
645833,0.333858635707898,0.388318531056655
645907,0.210468175551913,0.210864161738199
646483,0.303420364909501,0.3332360225897
647140,0.322795316273941,0.311067541747411
648086,0.265388793092272,0.280596917672624
648815,0.316936329431114,0.349729984883183
649257,0.322962477549269,0.329972165664845
649286,0.349463149069413,0.352268324065276
650533,0.188593825418088,0.20422345309862
650668,0.365810301153384,0.365926172719894
652997,0.339713356724918,0.327944047690698
655785,0.30995714627992,0.336134837108508
655925,0.229824367610941,0.247067794926676
657326,0.266010389035261,0.251474143596093
657485,0.152362312266743,0.171633360084562
658209,0.263395354972733,0.304801005699674
659949,0.419499115552568,0.464299615340287
660048,0.397655840764195,0.419636598452141
660168,0.249931668650254,0.257215019737205
660641,0.0627756409313291,0.090397557757653
660672,0.315325235597925,0.284425391354874
660785,0.37069291335896,0.377282461773647
660954,0.0570603683779303,0.0635474724756872
661391,0.168391733088162,0.161699559335731
661938,0.227397013413549,0.234532865311382
662021,0.219916673621323,0.185170133861837
662135,0.13818550539075,0.144221765854698
662411,0.0403038723917649,0.0356031363393048
662532,0.215351642174453,0.209949868703034
662533,0.263591485741701,0.299707882838094
663926,0.415035678533487,0.449829965952585
664115,0.00843919418994494,0.0077915441790765
664492,0.144903331370945,0.150018291082983
664523,0.0447880360114315,0.0690197614372622
664713,0.203504044931511,0.194605079954279
664909,0.0235883173538538,0.0240517753931602
666150,0.491918293133715,0.51003592167764
666403,0.104594609875035,0.113922844960194
666511,0.246886218705385,0.251626903373717
666532,0.0868342069880026,0.0735152748940129
666759,0.19080043001863,0.203710935561742
667067,0.288665542362282,0.293948509601009
667277,0.190237478323032,0.221808037990086
667501,0.259306681115859,0.291188508182062
667657,0.179407021053986,0.192387849122016
668545,0.0953013622775658,0.117454297551363
668737,0.0241458956446654,0.0556115046062881
668999,0.417066141121705,0.375070295229354
669288,0.234560773349309,0.242962404476635
670460,0.245068665941594,0.259819220466594
670856,0.307781194623978,0.35068602406886
671623,0.332956262310029,0.365969558268513
671773,0.208715652095998,0.199046547763775
672375,0.197920391399836,0.236438432312236
672473,0.361381828743986,0.347483566433793
672622,0.30739185955595,0.278037462914209
672703,0.108862985268214,0.148974786778108
672902,0.410132469673365,0.42239971935688
672904,0.243105927361885,0.234049589220985
672907,0.12794951255327,0.117434563221829
673012,0.0612295055649274,0.0784597730239958
673025,0.120165343294715,0.155779970687503
673089,0.29522068449984,0.27527426141261
673399,0.0748888709326775,0.10533082299888
673439,0.0970295891910182,0.0985404939313085
674096,0.284217161591977,0.307065698640412
674874,0.370026100975895,0.411260621682034
675535,0.261358594772701,0.268898660176802
675735,0.180573189819656,0.194945743638004
676128,0.301157284749702,0.324262520071799
676176,0.481762898858122,0.531405708078184
676466,0.112217663992511,0.14119838281007
676739,0.503413660708056,0.464523568693702
676835,0.0619856349348334,0.0664009441805789
676845,0.492964807496583,0.436998720871224
677163,0.311584779072828,0.346478090577011
677382,0.327160261510504,0.326967952696313
677790,0.452596659131893,0.409349149974615
678115,0.0522052653544783,0.0414632090863259
678923,0.212672835448479,0.253956561481118
679653,0.179468550455022,0.22519519627358
679656,0.212421898350464,0.251709068466951
680070,0.0986216243217564,0.118446307292443
681609,0.332980566610379,0.357738936849271
682508,0.274301389098671,0.263898052174789
682514,0.132548466457391,0.12855696865897
682522,0.31499290966323,0.314078353002339
682608,0.174507107576865,0.175034106161148
683181,0.317136587074607,0.321232954058074
684232,0.254889809464433,0.253748127634246
684759,0.110410489494777,0.168444839570576
685538,0.184794799208355,0.191760688552042
685555,0.366920265321378,0.333731059829238
686147,0.33006528055961,0.352845400299789
687862,0.371598714136169,0.357899896971866
687863,0.288623599267331,0.293724516410613
687864,0.377896997426612,0.339745554371844
688499,0.349708937856754,0.30935944022247
689646,0.289716488508278,0.294021167861416
693049,0.267506879847794,0.241729625288724
694897,0.484623821584541,0.463636547948237
695400,0.388386703026207,0.407139216011694
695441,0.446478209696177,0.48635510642933
701792,0.432061554242731,0.412910291507228
702770,0.385120557377694,0.386849573085826
703378,0.213242270603676,0.207117313659904
703414,0.441128773256285,0.444075215704273
703417,0.243732083552584,0.233444617604632
703505,0.234707561502308,0.230003227108734
703981,0.0946094540760745,0.0950262193466402
704788,0.114214460831962,0.139653636539551
705817,0.118226107528742,0.135915111419922
706030,0.179992338182445,0.183819621748806
706592,0.135216796625095,0.143717054223258
706838,0.176202905226616,0.153895260316705
707100,0.462766977699304,0.472330108379382
708530,0.10970582116586,0.0957491609323839
710741,0.160584469706101,0.165161691798315
710754,0.267753043372593,0.285613851465218
710758,0.215077900774023,0.22505112058077
710975,0.338300092515413,0.361177497141856
711382,0.265835432654283,0.261537381602822
711454,0.107645183429836,0.112661207285584
714549,0.228188104529154,0.212187298661801
715085,0.429252825386122,0.413518293115925
715250,0.49421202362617,0.482132939293574
715767,0.0122701695638719,0.0120175403833153
717907,0.102421270981709,0.101103409608354
718134,0.176016492689158,0.18864733142377
718283,0.121888796592854,0.169339459423488
718285,0.359123065552776,0.358898737982041
718642,0.380146282459428,0.391682839925591
718644,0.172080658704976,0.178383587440059
718846,0.0256950382323052,0.0541142730734324
718936,0.0636521159746286,0.0538830927462512
719823,0.0607342407344582,0.0849768429822547
719941,0.204172476471686,0.198007455083534
720090,0.398022250743139,0.407657214667738
721821,0.310313682665117,0.314533582478216
722588,0.0115010926557059,0.0266493170221076
722615,0.240479358097847,0.244003525536463
722789,0.19137027963285,0.217271037901084
722909,0.218815969597226,0.261692633692826
723365,0.0794607898148637,0.0833641721283153
723581,0.228411992624019,0.226948480871145
723585,0.247109566440927,0.267763866313448
724307,0.213361077955083,0.214301994960183
728613,0.371762362902139,0.396517358883713
729319,0.159758768875269,0.166979759747024
730635,0.0338142221530965,0.0449615890285106
730637,0.4734571942328,0.505616949362439
730861,0.128941945353552,0.111218747187825
730869,0.169117157232126,0.177900114774785
731136,0.386404911666983,0.384528151219254
732892,0.242495181086462,0.259353884826097
734622,0.128789375421206,0.143437849345327
735127,0.191333349691645,0.209304192846075
736159,0,0.0145121985482031
737343,0.244204282915651,0.27689083946907
739447,0.26781563199433,0.322561494146539
739683,0.257566703928635,0.296536538831896
739735,0.0187514650154338,0.0208047584537355
755754,0.13857362742255,0.147103604286227
766676,0.297853130297807,0.299776117568818
769544,0.446012409850294,0.437792619588706
771435,0.426062195666962,0.437277070365639
783734,0.349041071853592,0.374288226987134
789217,0.213925206435714,0.201752532052081
809364,0.120395868686647,0.121177093440472
814526,0.261718655927106,0.307999371703312
814805,0.390026635526142,0.377683562919873
889956,0.496528831492335,0.50771834949708
915692,0.355858714062854,0.330568031574986
926055,0.212757112488747,0.212757112488747
926632,0.281167708735571,0.275518987286577
926971,0.146059348668044,0.146059348668044
927013,0.201913597277946,0.200766407739547
927725,NA,NA
928149,0.352839746107629,0.349660406992738
928189,0.0825488343412997,0.0825488343412997
928233,0.158113883008419,0.158113883008419
928234,0.39027923438828,0.39027923438828
928260,0.0698430295769578,0.0698430295769578
928301,0.346287059107076,0.329992124957506
928324,0.199693015935703,0.199693015935703
928377,0.447981196939365,0.469481730544243
928391,0.277751865116277,0.259991501270488
928399,0.372961715865186,0.372961715865186
928433,0.222821210181572,0.213990688938782
928517,0.29423375725486,0.319953443218612
928518,0.336366244636385,0.339761821824813
928655,0.201402368176953,0.201402368176953
928851,0.30515581284638,0.302166093111201
929196,0.303785000639736,0.315527371433755
929230,0.284709290698188,0.308554687746386
929255,0.228324740014964,0.267253450380218
929267,0.285309004204391,0.293062152705989
929467,0.0907160296171549,0.084967184525582
929531,0.369434430292354,0.369251127219074
929717,0.129206271077108,0.129206271077108
930010,0.352455027871606,0.345060247713804
930159,0.29561241390805,0.293288070663695
930272,0.274097345755085,0.270703725743731
930277,0.252520376765196,0.243464685950352
930281,0.407867907194895,0.415956134851457
930740,0.0742610657232506,0.0742610657232506
930762,0.172061800402921,0.172061800402921
930825,0.0840840992495391,0.0840840992495391
930838,0.152277397525376,0.152277397525376
930847,0,0
930848,0.0446990156267674,0.0446990156267674
930851,0.0761386987626881,0.0761386987626881
930856,0.119522860933439,0.119522860933439
930858,0.379710712624232,0.379710712624232
931220,0.25712111936378,0.252586696495418
931283,0.216516360254774,0.216516360254774
931330,0.0486012420692138,0.0768527649327273
931339,0.257490523831487,0.257490523831487
931415,0.114220464086684,0.114220464086684
931482,0.347226134563249,0.358630778733893
931979,0.361740700006299,0.361740700006299
932146,0.176158945505404,0.178283277728121
932201,0.163525246763654,0.163525246763654
932211,0.38575837490523,0.38575837490523
932212,0.0618407072409484,0.0738811354463376
932213,0.0475962869799943,0.0586147439753415
932240,0.12921072792577,0.14637727777389
932369,0.30954245384085,0.29814476299621
932516,0.339944706824502,0.339944706824502
932517,0.212392265941468,0.212392265941468
932518,0.120289040964694,0.120289040964694
932528,0.0761651956135903,0.0803069476545755
932550,0.138564274154666,0.138564274154666
932615,0.335705747782794,0.339102424400591
932637,0.255868568677223,0.255868568677223
932811,0.209420401260033,0.219585536484516
932831,0.362547020528764,0.365095316356372
932837,0.0901669634667433,0.0901669634667433
932846,0.336787657027282,0.336787657027282
932860,0.345882459325647,0.357128386960657
932874,0.0833154778482807,0.0833154778482807
932875,0.293934882417432,0.299219283533309
932877,0.24770938533705,0.24770938533705
932917,0.167966975007902,0.192635333867219
932935,0.105890578642809,0.106499902344425
932947,0.0761038875434133,0.0659774611157796
932952,0.342757228198791,0.347004439280639
933004,0.265118648863042,0.28523856613944
933005,0.112925691272586,0.116651621693436
933012,0.125436301501063,0.115175824828012
933020,0.290585065088993,0.308588558860775
933024,0.133303202760528,0.149080592658138
933025,0.266688734714759,0.28090570896766
933029,0.258076915064455,0.232131487887238
933054,0.226047212967326,0.226047212967326
933055,0.334496584530498,0.306515228671321
933056,0.172061800402922,0.172061800402922
933057,0.418095443747729,0.418095443747729
933058,0.313796544491478,0.313796544491478
933061,0.199667497691916,0.199667497691916
933063,0.301017593320141,0.29038002254165
933065,0.391251522399208,0.384615598148183
933066,0.384721179866972,0.402353421524318
933095,0.448535199828844,0.472349131189354
933103,0.431022164202528,0.406981557023245
933136,0.0412744171706499,0.0412744171706499
933155,0.135028484906978,0.126800658699825
933872,0.26000933927869,0.26000933927869
933918,0.258298216117347,0.248888888888889
934034,0.316360394196388,0.306003007609482
934458,0.036788706129239,0.0399355032683865
934459,0.219007742410963,0.211788879439216
934472,0.179075358791621,0.183406292603244
934602,0.267438177543796,0.267438177543796
934714,0.196893887529063,0.18814417367672
934754,0.319199189919873,0.330449386281708
935054,0.16019410293884,0.16846403649189
935058,0.417122234724786,0.440300931096578
935085,0.183918946253721,0.187461746403765
935091,0.229286228850515,0.232329160952884
935217,0.267204478060306,0.241320928146939
935323,0.273845472896474,0.282561386941153
935378,0.287240444210505,0.282322588733748
935422,0.339007427659536,0.339007427659536
935597,0.106280788523902,0.102339973101168
935607,0.144397745564477,0.129493051825053
935655,0.149481253734901,0.130355600580996
935656,0.41518672857961,0.387379587329283
935658,0.0800533867259952,0.0848365266926674
935659,0.394721240834898,0.399007037333729
935725,0.186476975928506,0.174690441367488
935829,0.317344369765804,0.317344369765804
935834,0.0517563610657193,0.0467420533362517
935837,0.41327145155852,0.427090329853184
935846,0.288403507566366,0.286358749394904
935869,0.117369119465393,0.117369119465393
935990,0.163859268784883,0.192964008702646
936120,0.335039760388905,0.363417844678773
936127,0.245349873031474,0.251252243970935
936138,0.419211448124021,0.409782926520283
936477,0.224899694979996,0.231753059391014
936559,0.240816326530612,0.240489987629956
936562,0.267287171564209,0.271452378522108
936564,0.250754334939646,0.257427780426958
936565,0.339130027050425,0.357294633801778
936566,0.28386971659805,0.293487316197115
936569,0.183060584045725,0.188787170959386
936694,0.0482857312226766,0.0535370139511052
936978,0.288844418807648,0.287792018742714
937003,0.248057548588193,0.22060849156702
937017,0.359503574173249,0.353255808778444
937062,0.167600057889851,0.192625489651227
937212,0.209938514844836,0.198148480975305
937271,0.28893833568396,0.257208805449726
937326,0.300954536448708,0.313847779104799
937327,0.155628265585671,0.15325603005376
937395,0.37935147212833,0.358587950752517
937407,0.219880980669335,0.242225420968911
937424,0.375568355933856,0.369701771855621
937627,0.240662735038474,0.223020857621388
937722,0.0739103807724807,0.0605610319503659
937889,0.0720795736418051,0.0686054130027644
937971,0.266086807267106,0.284565138409144
938000,0.248786396646041,0.261869227486365
938006,0.218240985742247,0.214914204694063
938057,0.0724285968340149,0.0632710164876698
938088,0.204160726620261,0.204498982784195
938093,0.400861609390553,0.403958265769709
938140,0.0721598887471291,0.0560344827586206
938142,0.272131982201396,0.264149084926009
938147,0.200022578399532,0.188876160921863
938348,0.473738892686444,0.488395580922953
938445,0.379948395508749,0.395643617231551
938506,0.270370521115191,0.284867758087232
938517,0.220082694979276,0.231862418247278
938524,0.244404578681706,0.257065161758145
938534,0.307759901120333,0.308234547163154
938535,0.237262378588423,0.237262378588423
938546,0.252905285845038,0.282521847127454
938583,0.179523550008661,0.16306094557407
938611,0.199014736112596,0.210211498067441
938635,0.188609416578477,0.203467262911207
938735,0.174575654567308,0.155065447707812
938870,0.0696969888972449,0.0544662917806231
938874,0.287742877537767,0.274878101853711
938955,0.126658335441366,0.129425326394906
939007,0.32195237475713,0.321638801851378
939067,0.20437251778296,0.240031874661595
939069,0.29921577830552,0.324825316783311
939093,0.0811232780183439,0.0697485832462914
939137,0.269118825546039,0.276215930089684
939187,0.445937469828536,0.45254049595221
939205,0.255119592561216,0.241798291906305
939210,0.156063673133886,0.148868722085482
939212,0.436858753348279,0.435405339315432
939219,0.221575709186702,0.26569292797692
939277,0.376919057579052,0.40500357477442
939310,0.237188462621047,0.230984514965498
939318,0.25189602102173,0.243213526621979
939319,0.188934443314428,0.196823598920821
939322,0.427367497466093,0.423238667013399
939329,0.154510298888959,0.160164134532897
939346,0.333499746608351,0.30410443447831
939398,0.214089127498818,0.187306464404239
939417,0.23729122248007,0.23013192141139
939448,0.169321785395944,0.184770003363306
939450,0.25134438873538,0.276292387112478
939472,0.225430662555757,0.214590727497413
939524,0.414065400926755,0.411896014766333
939539,0.19793202394878,0.19402730652793
939541,0.0342152075565027,0.030559963336517
939578,0.219408833299373,0.234497691106063
939613,0.273078184424706,0.277925348724617
939645,0.336343969455336,0.327837672846467
939646,0.253469588428986,0.291760871206013
939731,0.324090998372189,0.345742547824825
939799,0.267242656398276,0.27590308020026
939859,0.314121657841078,0.266256496844741
939871,0.0789410818123662,0.0883179691455207
939986,0.0955650433441659,0.109689873638165
940048,0.342339004902362,0.308660469109397
940049,0.0900948718467318,0.097411366907321
940050,0.169491525423729,0.155384125253026
941527,0.140619270379021,0.14367816091954
941631,0.254731130012407,0.263064735750105
941641,0.136150701422991,0.136262321888323
941651,0.355444037813864,0.337804288002503
941655,0.304687059143453,0.305376769787991
941699,0.364521768495163,0.375125685612868
941825,0.344642652461806,0.312074752290764
941873,0.229345830257991,0.255934088814211
941969,0.254988644104676,0.236842668017124
941981,0.248883267015916,0.250365863769289
941993,0.280093932848551,0.27816085860919
942010,0.122253042929862,0.138696647101682
942015,0.281416389536034,0.290584272414319
942051,0.124805144074829,0.141673313857391
942056,0.110436787098936,0.085956317699187
942088,0.185964912280702,0.200717891037886
942166,0.19295688120262,0.192104179728998
942654,0.33136956791434,0.329077281550301
942657,0.23296511587388,0.215270174720706
942659,0.0935305455366243,0.0958537746202703
942661,0.0889680848704806,0.102803377656189
942745,0.282542425458061,0.266744361627465
942778,0.274803407388671,0.277852697783829
942780,0.333871825493096,0.360404856989079
942807,0.110683023273298,0.0918911688740145
942810,0.29759135393152,0.275237523285871
942853,0.260661931351259,0.245602223938207
942898,0.380293477586529,0.375711263384884
942901,0.242291631550437,0.241710012760007
942926,0.0947607613519356,0.0841521796598755
942963,0.249763649202658,0.243227678963432
943001,0.12659046581058,0.128257800756268
943037,0.103383851503648,0.0895758567404782
943270,0.0679725785956894,0.081865279292745
943279,0.130760108707593,0.12437588433979
943281,0.447422141029072,0.478485785516823
943282,0.196123927883905,0.222706379529495
943283,0.262181691180871,0.266468067883803
943284,0.162630509139467,0.167499089518875
943339,0.258246306508107,0.28915866148688
943401,0.157412709340595,0.177512204383592
943402,0.204107504144153,0.203598277088463
943427,0.0836856349199739,0.0832429088129442
943440,0.190993199317906,0.207867429254057
943566,0.448060426017975,0.479281745345667
943663,0.230392106025813,0.282339505140469
943666,0.406684466255168,0.411605076814593
943712,0.094918026469486,0.0996901963208386
943724,0.418214857520123,0.424283310525932
943726,0.355615425888107,0.373819856938161
943729,0.258195483946066,0.277145731335844
943780,0.0804199365711798,0.101380879326485
943781,0.192042210512929,0.219219607820508
943783,0.271836517832893,0.283977195672569
943855,0.104720653898749,0.142549344109203
943989,0.0240057620744297,0.0208199947139992
943992,0.248678437824751,0.241182818133823
944011,0.330430618417942,0.325797812690195
944032,0.343847261382939,0.368443461652502
944054,0.18464646902327,0.180306623930147
944073,0.147560317512786,0.168128418453817
944114,0.310473824400855,0.320538789019208
944155,0.176529921491956,0.162621333675602
944198,0.436017322738535,0.416569711831492
944203,0.113912441050327,0.0905813426151892
944315,0.192937311584749,0.186581812458605
944401,0.366129356921411,0.367932612115432
944412,0.352795693502879,0.359249637552731
944440,0.0935055977243196,0.0894421386228793
944446,0.33698179394792,0.339462983647728
944521,0.494835857053613,0.502592151092367
944602,0.295345583423556,0.283016144358553
944653,0.403419350388504,0.384519106873959
944716,0.195306355860505,0.216279462641462
944719,0.143650735959743,0.129404085434724
944785,0.260980101889141,0.296902831202739
944794,0.333705612447347,0.339356339572077
944795,0.290988061986138,0.327682091077493
944855,0.201150836333267,0.212923848281243
944938,0.256644225515372,0.295607568325435
944964,0.0873279016473663,0.0874794711666506
944975,0.248643317559093,0.243561641087886
944984,0.406235169245443,0.40758468747239
945010,0.0828372423452391,0.0924627130455836
945019,0.321338616836396,0.34696436480373
945044,0.328009904412316,0.315819204384485
945047,0.131083384210639,0.128369282401948
945061,0.290684358695478,0.295340336891156
945064,0.0766972207443294,0.0915746295401644
945065,0.104272121155934,0.117648004630016
945095,0.348557571215886,0.353849951698201
945104,0.0827488227882592,0.0923474347327423
945122,0.140681209869516,0.129819661070298
945131,0.324355916407424,0.355956218380125
945135,0.111035347162972,0.114096940547271
945167,0.417817940679304,0.425268809836904
945168,0.413247247474468,0.416433420307196
945214,0.213570766165121,0.228835204806881
945380,0.262132365290048,0.264588831964248
945395,0.134550912602131,0.130045858738547
945399,0.56860519082288,0.598100885518354
945572,0.126808328919713,0.148667853356567
945596,0.115629475459213,0.10922042434585
945617,0.129827034499743,0.140428527427914
945850,0.111569918105098,0.0961127337763691
945855,0.12106289688031,0.130272534316902
945861,0.21485320131625,0.217550721745025
945885,0.257204998859128,0.264524441349355
945933,0.219665757582191,0.216766294766234
945947,0.181501049633688,0.207854036474333
945951,0.139805656399389,0.163214489174829
946123,0.344145658543454,0.352054361858609
946161,0.0922230921184923,0.080470973680038
946166,0.193252207304441,0.198585130945602
946169,0.150870818108035,0.146630203828344
946172,0.316114272216386,0.315812799024031
946343,0.397364730776911,0.403104319022221
946368,0.0704382049733226,0.0685393045539171
946371,0.0923909609105552,0.0835063981408078
946372,0.138321559846719,0.118477018563606
946406,0.0158135847846062,0.0124903675907601
946415,0.380578903683265,0.382446276590456
946469,0.0958127709633905,0.110916921620759
946499,0.443223918279862,0.464457593490404
946570,0.0768453110259553,0.078984679042404
946578,0.0397918581807968,0.0349606397201898
946604,0.0961509434400401,0.0967985441055431
946757,0.14414495114745,0.139434100061654
946769,0.307643112343414,0.307328070226454
946847,0.198855369043186,0.202022620842571
947068,0.170084762788622,0.182968985557983
947081,0.400419902407587,0.387677626687384
947967,0.157553642319771,0.166056714920548
948811,0.270965979675479,0.281669808765905
949392,0.523316876974522,0.539360892833937
949624,0.12970446713668,0.136302896702056
949926,0.107626478251422,0.0923112595307102
950179,0.250260186393048,0.281570594364888
950572,0.206478271288558,0.215253610527607
950574,0.180081512498278,0.184704518839608
950900,0.0534773672322759,0.0505658764397908
950901,0.248556278377223,0.244647990346081
950903,0.0792654836242674,0.0806584890160851
950904,0.305230275055132,0.309052056862161
950924,0.127843767909092,0.103686041821155
950925,0.355663061083973,0.357803869949615
950926,0.206458790515243,0.207378994990041
950927,0.282478590058142,0.292785513591421
950928,0.313283857973326,0.334236616581749
950933,0.203992867065326,0.224974473486654
950953,0.271150322520727,0.288289460547296
951184,0.0834217347229568,0.0982512211236498
951188,0.290686945713803,0.273191708695954
951327,0.186441785954084,0.197030015359404
951328,0.320417079930419,0.29992403815093
951551,0.124550691008303,0.136852141752778
951591,0.400925356584174,0.38477849547285
951686,0.103155408332964,0.117960860925179
951884,0.297826616369677,0.30379977309963
951943,0.201506651499933,0.251891303231761
952156,0.169790646217485,0.169440571807767
952259,0.290846487871066,0.277741580083845
952380,0.461999521972391,0.454560966674525
952482,0.235576764857287,0.236297541904848
952524,0.0856977561153237,0.076348948630929
952592,0.359125402283298,0.339369338657425
952598,0.320779486006575,0.32589791231979
952602,0.0641934904718204,0.0775473979831232
952638,0.364150551522197,0.384704196676195
952641,0.324002423184829,0.305491572355305
952846,0.126363229379956,0.103751232659182
953206,0.432915156735005,0.481905903230248
953371,0.437004659260541,0.450671316232054
953669,0.149924180971789,0.140048825768323
953911,0.257522240593617,0.251324338282236
953918,0.255807126612065,0.260282870292837
953921,0.176107409574745,0.197736178022401
954021,0.16496254802276,0.145777863545936
954090,0.155775011840164,0.173643174358711
954118,0.382816201124454,0.399068086823912
954261,0.211950929646164,0.19054360837105
954341,0.211533596664316,0.198271952865306
954365,0.437833633203559,0.425968287420231
954374,0.231271124115269,0.248867425273417
954379,0.257970422546793,0.267535806597352
954400,0.449728031370668,0.456985301262016
954406,0.162674910744099,0.163102118730627
954408,0.10780109310116,0.10053072308228
954432,0.155032269395765,0.160221076123027
954469,0.261817208759797,0.2577240373099
954470,0.237113248620784,0.234843408392672
954474,0.278250025026578,0.279207345115711
954476,0.483478914197913,0.480975092553582
954477,0.124566372522896,0.131226321508179
954479,0.206660709807349,0.205492137283925
954487,0.19166418381605,0.188309330846782
954492,0.326654069280923,0.368968629758713
954725,0.0690048586691321,0.0561162816953224
954756,0.0928168673522377,0.0898561587236508
954758,0.181248282603568,0.17756931644503
954810,0.297861280585826,0.304912311397978
954828,0.0994979469529485,0.106901341677089
954843,0.157897772082768,0.134920556976776
954875,0.139164734921293,0.11768047736091
954959,0.264339666662368,0.272742967003974
954979,0.17290268025246,0.161710727211011
955032,0.177818944335647,0.210982087974141
955081,0.116261573031462,0.130564582669624
955082,0.177170548820907,0.163759178386181
955160,0.336743677736395,0.354408755797478
955367,0.0782593114150002,0.0729648815498503
955430,0.202467969743951,0.227211297229367
955442,0.338914419482333,0.354016942727836
955497,0.309473511049557,0.327181789523438
955507,0.137931119814974,0.122821155122337
955525,0.188334421259709,0.193410721742876
955675,0.201375655856707,0.203460810091597
955867,0.285429610881196,0.289344444375019
956437,0.345517010587136,0.348132884328007
956855,0.199670017305562,0.215973737450679
956905,0.189105056377745,0.206892472555102
957018,0.224885738049152,0.244477982819363
957906,0.441683015375294,0.410795240522072
957916,0.36073222794758,0.351306995518286
957933,0.29926904382635,0.298690853429289
957941,0.140405380584911,0.153490578261987
957943,0.44884194134263,0.458513297683977
957954,0.038827022657451,0.0627753752244763
957955,0.449770578225814,0.471480583915964
957980,0.162530997072306,0.145999769082181
957987,0.109681169331501,0.102320905406596
957996,0.235377824921166,0.250482650722476
958021,0.130956189713751,0.122232755203703
958042,0.397182256480875,0.415070887455078
958051,0.180922742763996,0.169512746403808
958076,0.115581099188332,0.126915876221422
958078,0.140211411242902,0.120318246271972
958249,0.116534729356405,0.120902191002164
958257,0.451156739670808,0.450893127552461
958286,0.372824050764578,0.376644639199894
958322,0.0825678483305504,0.0858232853775987
958341,0.0812497801403705,0.0731564683359659
958356,0.240394651082743,0.25016291953505
958780,0.348202418391034,0.369369158701846
958804,0.251976315339485,0.272301239911361
958899,0.122303981018423,0.133700507426261
958900,0.352476856353131,0.365218293130544
958904,0.174047412666711,0.162233378342789
958970,0.258653707734043,0.244974116437039
958971,0.271724738905925,0.293762094985248
958997,0.290439174916764,0.299149044524371
959038,0.196650084301205,0.201757854698308
959073,0.193744367696722,0.187877747517416
959191,0.234667905475787,0.23965102489533
959210,0.140343482171211,0.127983824638548
959224,0.123529727917851,0.126671304182417
959285,0.298841625560613,0.305848841618198
959302,0.292249347561847,0.307065849288063
959313,0.11520900139475,0.137981737664147
959342,0.373850529445712,0.365833055260631
959417,0.314757329835037,0.339704592429487
959425,0.12146082323542,0.109220549959381
959646,0.0858700859131899,0.0873429441240073
959650,0.131127679425222,0.135125084864577
959713,0.331676581230799,0.348510648562829
959814,0.150064794144372,0.149442632952982
959864,0.247987270917264,0.240402976376067
959883,0.237236635222265,0.234485525137929
959884,0.317950861240826,0.332438858066816
959887,0.160413425978771,0.17713837779462
959894,0.196270437587122,0.205169642861402
959895,0.158980383689593,0.166453807447816
959918,0.10685503828591,0.110791218342182
960081,0.46343796290517,0.490194951152386
960087,0.126588365320868,0.126320486006229
960094,0.170140517324165,0.143652385772458
960095,0.113417492216616,0.123386642250001
960137,0.370991595498834,0.396594168115593
960162,0.168298917197773,0.176301926169905
960205,0.32422003421051,0.359393293372537
960210,0.100119305796565,0.104127974094074
960276,0.342983905897275,0.355156133823359
960318,0.263838757057572,0.280620895243011
960321,0.048928769806843,0.0514129446874252
960343,0.080430268540686,0.090591268199507
960373,0.214181141414175,0.222559493296973
960375,0.072592854208045,0.0808731571174514
960408,0.348993550586072,0.378024727491573
960410,0.190492942999571,0.202606131387384
960419,0.0914053573739156,0.0947233410644245
960456,0.226844431122749,0.226166854005342
960483,0.304894738440481,0.325507042469872
960486,0.256262824684827,0.278277317406316
960491,0.2818827784867,0.292577102844703
960506,0.365183205867903,0.390290519989656
960508,0.112979424910787,0.128083453029323
960511,0.301258086146997,0.296856530089135
960512,0.334942997862338,0.338591708273889
960530,0.304760834591005,0.29866441790775
960544,0.126146746224549,0.162718592346577
960551,0.0903265989053022,0.107466053039723
960577,0.104951956605065,0.0967260940894262
960584,0.0970275684379989,0.0876304241220304
960626,0.0815910972651732,0.0802376751851649
960627,0.34756160193738,0.338865700566131
960632,0.125281416246543,0.145057553152043
960636,0.160439269576975,0.164309426860256
960687,0.277869836235172,0.296631525844423
960787,0.306891564161239,0.301267760800818
960797,0.252420734916684,0.252768009818183
960798,0.307059077588715,0.326265910401654
960849,0.419084867574697,0.423777849987526
960919,0.264352244521244,0.27360705535835
960923,0.10160656608932,0.12483824610637
961032,0.0804463750150827,0.0916315534847013
961060,0.261382538676975,0.280815669403291
961109,0.266163364283942,0.254317909760302
961233,0.0530040299318082,0.0484012320103227
961239,0.14199980711223,0.122108852505187
961241,0.219751207921295,0.220992997063952
961246,0.351694176799206,0.36152554014916
961270,0.291860116888325,0.305922392267656
961301,0.386954002658167,0.386193622949548
961302,0.201637989537005,0.205989915244091
961398,0.21550934586765,0.205103409915522
961563,0.350401818542325,0.37685306926903
961608,0.038231798433269,0.0452700472880904
961764,0.27512195849354,0.268018583266016
961767,0.32751381984409,0.346541688386328
968937,0.309262833639124,0.315043127207117
970803,0.168769123845797,0.16560842964419
970808,0.13443344881339,0.147236726103713
971073,0.0592047402358567,0.0486089463199603
971367,0.0558523167787823,0.07620082378851
971420,0.166011111596214,0.180139061629158
971423,0.0611517586160425,0.0614549263245283
971428,0.11784581907627,0.132059720834759
971438,0.119433026401309,0.103905316793039
971480,0.111647748794124,0.0999475265379792
971665,0.365103491277162,0.354746700638068
971802,0.242021742964309,0.23359474657171
971809,0.227735729970138,0.235507538363688
971936,0.177898875164774,0.187650273043738
971949,0.276396491444515,0.276537009001414
972004,0.157442483444654,0.169076512692827
972039,0.450127347787805,0.457121265181027
972632,0.252377769710038,0.260436380412395
972659,0.187992969046584,0.203541481411882
972792,0.201667153610567,0.187690430010233
973001,0.156990381984361,0.164226091564034
973238,0.31994494335296,0.358496985479829
973241,0.129183906410175,0.119687022099957
973311,0.242543118189218,0.236987393663915
974378,0.435422646308395,0.444277612268952
974784,0.108846459183818,0.0928104751107094
974805,0.196654376152223,0.180096976296115
974809,0.246926517789086,0.253728517185295
974847,0.360362093538137,0.362659429893942
974897,0.282464624328058,0.295214395035074
975211,0.0187287957894223,0.0131893299275088
975303,0.26425672027672,0.284999688611313
975437,0.186750963049367,0.193866120692952
975515,0.218355523734531,0.188646718448795
976128,0.351066038858724,0.365257521571512
976492,0.266946619146018,0.245322168219707
976757,0.248780901664218,0.277325956150911
976861,0.209491355071807,0.194822882079103
977453,0.326719530129704,0.325517683048668
977455,0.365418404939358,0.373381358466715
977476,0.0964087829128751,0.102349682459558
978134,0.229375420969389,0.240406722610011
978335,0.105221311272292,0.122413578867294
978337,0.123767264134566,0.13452004858369
978615,0.273686755852355,0.312628288898983
978622,0.383731413459793,0.38533548152248
978836,0.216198893539154,0.224781024982937
978900,0.341141240519736,0.352042737997309
979875,0.436263248926474,0.446511862851351
979996,0.0564077591973092,0.0551271304032787
980074,0.297751536867692,0.295550503843191
980239,0.400754110121845,0.401684674168016
980381,0.250757875466535,0.237337700619244
980388,0.208647404054474,0.205196033216036
980486,0.140642008457855,0.154524819983123
980494,0.0923179625694804,0.113855345860335
980769,0.270086233818983,0.295856273375302
980782,0.254216279336453,0.278364872389243
981293,0.250036552837845,0.25335286745181
981348,0.121195952896798,0.134238846910257
981368,0.23522836056983,0.232827736811332
981369,0.161157866262666,0.127118305940883
981373,0.0721987165130903,0.0819876756019041
981947,0.309615366468118,0.319170914889163
982129,0.246838309246309,0.25872115540486
982137,0.344029121542231,0.342732206693991
982250,0.180389339577618,0.192548682330311
984778,0.336086646838218,0.333826916596542
984806,0.224291554513678,0.231065492520756
984915,0.398449764972229,0.411360612799729
984933,0.258079436171604,0.25490782391156
984984,0.255835526017502,0.256458198352058
986085,0.106229254124571,0.111480402268387
986132,0.188649363734767,0.176881019115275
986265,0.0649579585434048,0.0756972692521095
986294,0.353932416994812,0.334727126982295
986296,0.0784642800647936,0.0885018445699357
987731,0.168688890549036,0.17874725009759
987822,0.432249994559913,0.431139110678558
988437,0.321867887470653,0.335697131887926
988438,0.330542158154923,0.320514901193001
988573,0.242473940957654,0.255386796817072
988753,0.178172099968674,0.166207071647601
988785,0.150790922093916,0.161213037009272
988805,0.141931791624726,0.144755454358486
988978,0.141386094261795,0.150781058442516
988982,0.115227723972003,0.137697014320469
989149,0.172249655501034,0.149429109115306
989515,0.329408399192327,0.324660088662578
989521,0.346673195153121,0.352377157939347
990005,0.342305205033935,0.31805510165673
990007,0.267371293900582,0.255133598107952
990607,0.080018346380471,0.0708581479100917
990608,0.195626629145252,0.201117247107679
990630,0.339105060487306,0.326134524019021
990836,0.169828325599146,0.170517432929264
990874,0.395969386883561,0.400983918231998
990996,0.0907384940958188,0.100959478499052
991005,0.0934221973892294,0.0917139789394006
991064,0.232414687533723,0.257770777827531
991067,0.257155254057711,0.258795704958866
991141,0.362388710175954,0.390452117472742
991148,0.15183973178652,0.151294456601745
991203,0.440766491718642,0.43717433035111
991323,0.262097997795413,0.296112446856565
991402,0.147720323182395,0.174710503325505
991468,0.365053740373221,0.354367788250515
991475,0.351822065524858,0.345418397900498
991477,0.263164200925776,0.264501164975795
991483,0.165448407704797,0.153384589415669
991497,0.153022059103152,0.155462415678093
991521,0.261779221998168,0.269016811525433
991730,0.165110251866846,0.173703767432446
991788,0.239978216123356,0.256743185092876
991817,0.498187808497126,0.51329696291926
994882,0.435467768964643,0.438010160263222
995051,0.102845111639104,0.103821426070355
995070,0.182617937262136,0.214325397985883
995172,0.188642751602098,0.17271162531757
995285,0.25534262963174,0.233386638966862
995375,0.209397330133515,0.227009054247704
995377,0.102763538415073,0.105784290292223
995480,0.326022828621716,0.334640673012106
995751,0.191675178101022,0.212576670574357
995867,0.32659788798929,0.339670825679423
995879,0.0932961084026775,0.11020192838761
995912,0.0967567296398942,0.103389409533109
995982,0.171876680295756,0.174397279805143
996390,0.32492804767337,0.307569237284434
996443,0.303680321382997,0.337250510892074
996570,0.312696484920693,0.300300806959863
996587,0.115467487922259,0.0909000791925623
996823,0.132791469325088,0.137287997147965
996959,0.304318140731666,0.335916796915543
997173,0.17671177737824,0.194962954166297
997204,0.374271467306825,0.385069136946072
997291,0.276435836723766,0.279078496223126
997372,0.186052101883813,0.191825986365446
997384,0.109360666708838,0.123980042630997
997471,0.26066243354312,0.266217237580323
997552,0.528157771888025,0.514389842483396
997564,0.200185135841657,0.208715770065276
997575,0.258358952616143,0.255318414456543
997593,0.190260202388611,0.193633329299576
997605,0.343018502649984,0.351672829969028
997619,0.272332644771321,0.25814294781692
997631,0.136446473806041,0.120613942980433
997652,0.190274170829509,0.183893750114716
997662,0.381313222495921,0.395239155365342
997664,0.307972970848482,0.322893590852998
997721,0.0976744343171885,0.108868497487294
997741,0.172375472316453,0.159993405578518
997756,0.0763760129631683,0.0701969996197275
997757,0.191496642386402,0.203020182625717
997760,0.0976331490305449,0.0877158312966437
997761,0.061028521299405,0.0812797156184122
997762,0.073969039544966,0.0811178847744298
997764,0.156696892134274,0.152677332978335
997769,0.128557552303372,0.109901125297072
997847,0.335507614633594,0.343439761913187
997849,0.147485020860985,0.114539441855877
997877,0.294343670163415,0.27575586632421
997879,0.109990585035316,0.0857888757365567
997884,0.216976424778719,0.21730256669857
997885,0.147827484198326,0.149497435005356
998016,0.293652469480381,0.289901477648711
998090,0.155408484111721,0.176329835247184
998091,0.216159336598038,0.242713678821058
998127,0.197948083342069,0.197204240091523
998304,0.3600183059292,0.370340312916468
998537,0.284828871516751,0.323114402751447
998584,0.232151748382089,0.243551438418311
999436,0.227357394055852,0.204074762953512
999446,0.355304822983282,0.354526843839618
999533,0.219368699399913,0.196355431798988
603732,0.454910652024904,0.46789199720724
604158,0.151010112423156,0.173793411650343
604987,0.258109593915423,0.296923084109981
605365,0.30070326520293,0.275456225586136
605452,0.309268857425933,0.305242868340152
605803,0.12794951255327,0.151380104138271
606312,0.239401565211645,0.257019339853913
609388,0.403855021876922,0.432919158672048
610924,0.353403437923446,0.356044561728563
615804,0.210332192819847,0.271731263144228
616012,0.290906273164463,0.306788882977317
617221,0.252262489554757,0.326581970450698
618630,0.261851106354996,0.244716701957535
619315,0.149853729853071,0.154290639113192
620591,0.218665428306406,0.267865123033834
622500,0.315814960355048,0.322724815127511
624508,0.155010391626649,0.170647132235192
626515,0.261997606305532,0.322409158117427
628661,0.210162774997093,0.226832698021809
629692,0.141812604140843,0.140016093052206
630113,0.299602354509255,0.305330167669603
631680,0.286537043893673,0.245457755515206
632872,0.393385742883686,0.468762672172588
639685,0.242337717516606,0.213875019754558
644717,0.138883865691763,0.140869025023948
651555,0.165726255264971,0.150462308598506
651582,0.223451676817158,0.249864476598704
657979,0.144337567297406,0.138728416404466
665780,0.0825122952480562,0.0814219947910053
667143,0.210235332491055,0.187357914446119
672891,0.0788360274799401,0.137168987057764
674413,0.208010507374648,0.302346985080637
678051,0.112022406722241,0.20667821999022
680021,0.163663417676994,0.171248945109747
681786,0.297766786048409,0.382793809352331
681989,0.211333228847765,0.225924724796865
682468,0.292051566760151,0.277113472357117
684236,0.186131662332984,0.228426441922795
693067,0.378725277504546,0.462146549366787
693331,0.0331133089266261,0.0189660810452721
706032,0.345105717581234,0.371885788624036
707565,0.197300115661746,0.278258867461274
709407,0.335083126633356,0.359856086342441
710243,0.269136782409754,0.30680514843896
714747,0.22013044117856,0.256549706661234
717507,0.31177389058971,0.319352052701531
718652,0.0750586625040801,0.127799658110812
730866,0.174320385782113,0.194779644907412
732890,0.228875240225533,0.255709784807707
760435,0.105823438684339,0.130568546078069
763235,0.221545126735401,0.25942242139104
778830,0.116814179621512,0.243676851284012
784751,0.276376881795422,0.265651931637125
927246,0.267261241912424,0.33060175538124
927950,0.449303221680993,0.480934641934828
928330,NA,NA
928334,0.281126765115875,0.291536572773951
928447,0.1553424415003,0.230169625333866
928678,0,0
928790,0.280168151351359,0.293869317320496
930253,0.219822991634194,0.249908742468213
930279,0.217900482227642,0.242390176372555
932035,0.260132990857236,0.334489883689525
932329,0.161749159805158,0.161749159805158
932336,0.197385508487931,0.211829636434081
932589,0.162088179694622,0.162088179694622
932621,0.304290309725092,0.304290309725092
932979,0.0501254707117086,0.0832408947765034
934605,0.185239643408737,0.185239643408737
935661,0.131369364295332,0.311395694465297
935684,0.427718458971178,0.449993592162502
937288,0.315761008912219,0.330891298004179
937723,0.0392232270276368,0.0392232270276368
938603,0.288625444408612,0.242154379385337
938642,0.166666666666667,0.195906944534502
939162,0.275622955263189,0.288181419277773
939441,0.26025983249893,0.311520028945981
939442,0.170940864689457,0.172041589937073
939444,0.290395707313452,0.34710796340066
939932,0.199572801221003,0.199818429377005
942210,0.252164007220511,0.291674654931758
943228,0.262470129520616,0.29517573218557
943250,0.180747567778708,0.167363230989887
943325,0.302896074167414,0.316227766016838
943655,0.249793498106246,0.292105491199557
944059,0.251588360813261,0.306832563290474
944700,0.282958229209055,0.267070545318817
944907,0.301837796973708,0.330907636000918
945075,0.291287632501768,0.30620037314796
945401,0.158997207663587,0.147266471250701
946568,0.1254414922193,0.168466963730341
946789,0.0814088031193885,0.0867566703803632
946860,0.399705924619424,0.3635847868897
949770,0.2832412003713,0.285412123660866
950873,0.294646772012243,0.287576810506217
950918,0.43719299102236,0.451967827766372
951210,0.254669145027592,0.242981848234449
954342,0.190719610627241,0.220248607324724
954343,0.309331201319324,0.307997352049271
954345,0.227067069807652,0.252098842122967
958279,0.369409417021778,0.461380551065315
958463,0.275880293923022,0.270701187273584
958853,0.0851771040646012,0.0827832723165653
959034,0.163693689279524,0.164448241740529
959318,0.036980013081682,0.0249785432800948
959557,0.118492875830005,0.0705955140713456
960091,0.163633603774265,0.156158024118436
960101,0.192280604809522,0.217770263323122
960338,0.203134562657421,0.207468369857808
960449,0.277115280408547,0.293197735804187
960454,0.0373196685431038,0.0798723063830872
960564,0.490990253030983,0.434175848090555
960801,0.234855696150511,0.316290156816699
960829,0.256116606642611,0.244301684465921
971431,0.378307499816191,0.347860883464359
971481,0,0
974870,0.112746904200424,0.168989089153603
976762,0.503416596907764,0.42247508218741
977060,0.0492531827477339,0.178256477824167
981422,0.114896997924285,0.179828552954505
988055,0.334943400423991,0.344607188051279
988967,0.113592366849413,0.0918137710556911
991034,0.111485567510244,0.161380977070507
991144,0.349180388003363,0.368558999395128
991348,0.168711437757855,0.222055076489301
991492,0.222222222222222,0.27882187423821
991771,0.313316751041204,0.321854881521937
995177,0.150009567241774,0.287468365536017
995452,0.144379349775427,0.167464958274389
997430,0.375660487186177,0.392686261172116
997903,0.292203969662411,0.296429357676464
998014,0.355754584375223,0.353609774197905
604138,0.364628492879912,0.345906818792966
605497,0.263310210765102,0.304251235181814
605744,0.214373231428136,0.223744954573633
605959,0.259191501742654,0.248264762727211
606350,0.183653451506715,0.258879913444744
610762,0.373794543242366,0.361011969825286
611171,0.337340202061294,0.344491867560982
611772,0.155172884482515,0.213136627503777
614182,0.354639827770984,0.341588287824204
617354,0.117987295616021,0.115662317138278
618629,0.151728648362176,0.154794176966984
619843,0.0653608732020003,0.15324408133498
620580,0.0210912270304799,0.00844370560040807
620816,0.028298423998534,0.0445001043841563
622441,0.161827583644823,0.211566141078075
623147,0.140076773164301,0.150616019019177
624642,0.234644043196617,0.286921995726558
627045,0.397101261754208,0.40631339291474
630993,0.241064212315315,0.257788894358256
632666,0.274059534009043,0.287482481051532
632843,0.319776849932045,0.377065487554098
633254,0.0721479105365823,0.0534990093932163
640407,0,0.04249359988349
640907,0.226525117591484,0.204153471307111
640915,0.125159744474126,0.202394026242087
674104,0.229615573397888,0.25260825516216
687477,0.0764719112901873,0.0971572335114522
690817,0.0613139339484966,0.120983479623957
708705,0.0727392967453308,0.237624228260879
716879,0.032547227745206,0.0737209780774486
723514,0,0.078513588388532
730056,0.0942809041582063,0.149071198499986
737237,0.0360374985078224,0.0241121411085206
929921,0.19047619047619,0.19047619047619
930069,0.165815567709436,0.223794753755464
930837,NA,NA
930853,NA,NA
931333,0.126301795590135,0.126301795590135
931334,0.0880450906325624,0.0880450906325624
931422,0.228664780190012,0.228664780190012
933016,0.168430384213304,0.187619693596614
933064,0.0642824346533225,0.0642824346533225
935579,0.104828483672192,0.182384301035021
936124,0.0601656837596187,0.0496138938356834
936125,0.153392997769474,0.126491106406735
936476,0.101404025312679,0.150755672288882
937320,0.174978309818339,0.167705098312484
937398,0.342148654182681,0.347839238026982
938056,0.130188910980824,0.225493808400849
938218,0.166666666666667,0.145478593490662
939074,0.048001536073732,0.0655121782080418
939134,0.0296174438879546,0.0213980246255457
939278,0.1625272110744,0.174209683017495
939528,0.195180014589706,0.210170833231218
939538,0.255883157859579,0.255550625999976
941861,0.0789473684210525,0.0984374038697696
941974,0.122123884241219,0.12708905351639
941992,0.217279314314972,0.296012195953715
941995,0.251399903717182,0.234311674451602
941998,0.207950097964015,0.264575131106459
942016,0.221327449790161,0.253862714046405
942135,0.171685708586216,0.191757934148667
942613,0.220382455251344,0.222974694802311
942729,0.191543473825317,0.242872246468334
943086,0.135928736541608,0.106298800690547
943280,0.16638958140993,0.215387447585322
943428,0.113592366849413,0.134595475514541
943660,0.076072577431273,0.104566367776539
943662,0.244265984373016,0.236193477865597
943707,0.189373909953804,0.194232742216377
943856,0.0753435968348639,0.0552697110356727
944469,0.397099894442931,0.394720823671312
944900,0.295261726574047,0.32674994052485
945273,0.20454720090904,0.216179158818971
945458,0.299342170044625,0.28141058827258
945622,0.0777028689885811,0.0827039616973562
945656,0.401745483538033,0.399286861105035
945804,0.255789190261442,0.265294612971229
945832,0.0580957876271532,0.06864817588051
945858,0.0868911793083882,0.0794874375615995
946021,0.275215095848294,0.276077814355811
946119,0.229558761149961,0.215103725100319
946375,0.0981539679025933,0.111624284830488
946431,0.0806410941457882,0.0872207275032724
946472,0.211756930189813,0.211931484054117
946762,0.315183746587825,0.322125029027477
948787,0.12795265564328,0.127121507250586
950801,0.309852832721297,0.300771297669923
950884,0.235315799633199,0.250289855169817
950961,0.282670500362386,0.279543442301967
951202,0.237595481655746,0.246156010391129
951732,0.345140386897291,0.353945180480715
952258,0.263889906984629,0.283930038162786
952299,0.153577475283848,0.182115743966926
952625,0.224007168344082,0.23554652713742
953017,0.225973073146413,0.256149379354708
953031,0.0257684036015036,0.0532120691565075
953908,0.262109325857167,0.265826656983775
953912,0.152715159760494,0.195875154126252
954042,0.155831014973451,0.183764857917632
954047,0.260817100933057,0.263984689332015
954262,0.267985355298242,0.265881995518735
954294,0.160908911111327,0.14805916236954
954304,0.127875725835131,0.127881683657756
954334,0.208229337764798,0.21716890851754
954407,0.207763008319333,0.20170916226372
954473,0.258719161182095,0.28347335475692
954724,0.310535047022269,0.350260846870728
954755,0.122785939861234,0.157723556878783
954814,0.307036945270512,0.309766994369884
954818,0.297030285326098,0.286850896013114
954862,0.512517337793825,0.49650774032652
955068,0.268028133709449,0.259973473447872
955106,0.218963936481449,0.200813804537786
955111,0.240894362987301,0.205898880628248
955236,0.262912737773428,0.251640907503212
955261,0.400991327418702,0.382177387232976
955441,0.239407162536304,0.243469600792371
955479,0.174985598485759,0.178363488736198
955661,0.2299916843353,0.264787045542601
956128,0.39024408815904,0.398431420465383
957669,0.393751708995501,0.384644507359144
957674,0.2381762642123,0.251476073430524
958118,0.0072440948474968,0.0276213586400995
958333,0.292652539163042,0.271606151078985
958334,0.195282704497088,0.199700266984764
958943,0.330192679016624,0.32122297539153
959289,0.079860610050359,0.0784386105863687
959349,0.117528505649854,0.126341347121538
959413,0.218864846562818,0.275442430141116
959661,0.187192584646342,0.184902112830121
959697,0.340504626533808,0.426963836557945
959706,0.102788028185518,0.0850977447603315
959832,0.23373338435925,0.216531376821027
959926,0.0953655266339456,0.11218844823846
960170,0.146370787067112,0.148645997793775
960354,0.286473156335654,0.297935899670475
960531,0.340184202273012,0.316872427983539
960593,0.164651233194921,0.15791756889945
961230,0.157749508093434,0.194264652964071
961434,0.260574185354536,0.249610519441517
961521,0.179237307168061,0.203720771214958
971669,0.214939950878384,0.219791483967921
971686,0.213662336341531,0.263815920708612
971975,0.0517752045788323,0.123478645143408
972801,0.551565802674877,0.519829031723144
973240,0.245476862547419,0.229632834821433
974362,0.261639635847211,0.253626764033754
974793,0.375102581138713,0.364908181957115
974804,0.499473691167343,0.49408849468269
975512,0.197345262118591,0.184002684986769
977135,0.241544500375252,0.266246380899237
977451,0.129413501328657,0.135136881354434
978284,0.343203236491822,0.340518055649418
978341,0.140794631403444,0.156383296038709
978737,0.325851361100525,0.336962429509658
979375,0.231331130728742,0.202483521429909
979859,0.413925635387532,0.410259564898027
979877,0.12104550653376,0.118988923528164
980482,0.102345648423504,0.146087177447695
980488,0.119760056762963,0.157925499219554
981298,0.207307795524329,0.21474412879289
981383,0.225045013504501,0.279242686868982
981421,0.174224371241712,0.148938867183625
984907,0.398485103870738,0.400403850689819
986263,0.358694170004615,0.360714709737267
987422,0.383562725083996,0.381731861105973
988754,0.299221788572418,0.269084072210262
988778,0.277058166454657,0.294196150923956
989573,0.299340074537325,0.337433977403709
990143,0.210226852454753,0.247408417496222
991127,0.144955189148452,0.227817396755608
991326,0.302854502340992,0.320931885614939
991432,0.321126778497576,0.298688976670549
991517,0.311911766204882,0.320774289680551
995602,0.335503146660457,0.315186690473262
997197,0.35406981546277,0.397605141707602
997544,0.20298463760696,0.199619146196428
997545,0.324535112761118,0.316937961427755
997634,0.236513777328805,0.213787131829271
997845,0.0997371510982816,0.134347769428383
998531,0.163593209009323,0.176632423672561
604155,0.391362168904755,0.408691546462468
604291,0.603067166962205,0.621104593381057
604347,0.545705156331749,0.562904882313866
605586,0.335423887675309,0.341131967790473
605593,0.381361451922084,0.467006721552825
605961,0.340376524656135,0.363480236213583
609593,0,0.0192843319635019
611852,0.108678533400333,0.15860619520033
614995,0.404450549404473,0.390037816966704
620598,0.458455906475004,0.452601905484815
620887,0.570467217161904,0.593631177063578
621031,0.495711114946268,0.575861024787068
622055,0.0208969189764286,0.0384012288589856
625403,0.521930452075117,0.524582463239806
628146,0.379394990141817,0.380304365287082
628160,0.255171589705684,0.291645604133599
630985,0.434179397654078,0.427903351113701
631384,0.00850086925832476,0.0297678353461356
631651,0.280873388094814,0.332623357376388
632913,0.389258088465132,0.410959506591011
638789,0.464020009844859,0.484674568715526
639950,0.130465614610688,0.125581086629303
641560,0.623306767860611,0.651829418952098
646484,0.127083817373029,0.116001748667639
651288,0.622627656178141,0.648072573830108
652367,0.245514308070118,0.231591778293293
660141,0.261116483933547,0.296711739367015
660637,0.344012382067361,0.422669085363865
662534,0.231386739051419,0.310506976903312
663509,0.216557528431979,0.266947554900675
664236,0.425384979697663,0.417943779214357
664645,0.348454738589985,0.380399821167322
669064,0.481679744401756,0.465857284552203
671114,0.381640904169984,0.496454003896335
672726,0.321860342910192,0.362183145903603
673024,0.119651127320841,0.123937119584582
676832,0.498011920555997,0.537743995275846
679614,0.427141071485165,0.45746803547824
698630,0.188561808316413,0.428921711775447
702725,0.528211665130775,0.546628138019103
704471,0.161479470199646,0.163736530665978
706231,0.408090228268948,0.385482154227754
710073,0.336085840396682,0.384278418484074
716478,0.388499262571544,0.441445648956603
720633,0.305720081387473,0.328171065024124
722791,0.410174239706573,0.450312110123362
734964,0.444668571762999,0.43580854827079
739660,0.524073673863534,0.558971833651665
786046,0.457116203913837,0.47778621040011
799987,0.37918477623365,0.525236448472293
824823,0.480384461415261,0.533052241679652
872798,0.445767198691993,0.481162497892064
887306,0.254924964255231,0.291571354353961
927143,NA,NA
927245,NA,NA
928101,0.41194292043555,0.41194292043555
928379,0.522475359603453,0.566946709513841
928392,0.464968141651278,0.502576388054849
928393,0.3981042918583,0.39247834524129
928661,0.262612865719445,0.262612865719445
929248,0.316227766016838,0.316227766016838
930270,0.223606797749979,0.223606797749979
931589,0.427443555893307,0.424826194256526
932101,0.370168351566039,0.359815280876777
932153,0.102536561796882,0.110742469499691
932650,0.524890659167824,0.524890659167824
932731,0.473474244410851,0.48243138693498
932810,0.662290935683931,0.671118580351201
932887,0.579099693248595,0.587280136888414
932906,0.373543683818814,0.358151157067656
933000,0.331133089266261,0.344031231028093
933035,0.242785680243077,0.245027395594327
933691,0.354458778479283,0.354458778479283
933706,0.0880619478202781,0.0927153400619754
933864,0.347119292576325,0.357813223666067
934329,0.547267233169888,0.584897651865602
934753,0.355902608401044,0.389226906239873
935830,0.277831191445761,0.311714600079679
935893,0.473879102207274,0.483545680490244
935894,0.175219161012616,0.167183463772606
937016,0.0632596124573377,0.0566138517072298
938148,0.469519811416281,0.458200771267413
938450,0.496617528000178,0.523009887717973
938502,0.184142627392774,0.187253010404352
938636,0.413449115297361,0.427148850344792
938743,0.493710441453287,0.506745936195119
938972,0.586863651700206,0.577568194788746
939160,0.552248083572685,0.55267186849497
939509,0.302617187612589,0.304250696327837
939534,0.463298333466554,0.501854681667801
939739,0.358668671729776,0.37662828947272
941103,0.420341178980632,0.489698112550541
941689,0.581222853369031,0.606205265971808
941954,0.555870627480961,0.562675863690399
942008,0.42379344841321,0.438215342514053
942026,0.630060070534254,0.629277861870868
942032,0.274241377865072,0.295073660858052
942038,0.424689385806328,0.462980644183685
942063,0.181736818263999,0.17932510013242
942072,0.398419556679365,0.448833634206428
942347,0.240881719541519,0.284428487771899
942716,0.498522202570177,0.510221848813676
942736,0.378830839148439,0.401729673318249
942792,0.588267701030814,0.597311433980627
943020,0.489294253997606,0.520694654848731
943309,0.412167869855447,0.418025440956353
943354,0.196968312759173,0.216633632663764
943413,0.514385256133834,0.505173728242893
943627,0.235702260395516,0.208971632627739
944160,0.418990569518137,0.403107304249932
944359,0.30034084464695,0.302177458506917
944519,0.481456920485649,0.532067997295358
944703,0.260587022666396,0.268695997928519
944937,0.410992681774323,0.403484710927755
944952,0.546490396610385,0.568923740502106
945297,0.272974341617775,0.317261960966197
945382,0.534522483824848,0.542436183331287
945385,0.315548644397826,0.336910140507429
945406,0.448499230967352,0.448720760881174
945662,0.332325193917811,0.334414211971529
945664,0.350906528756577,0.38050525359061
945865,0.309183992954322,0.321028480270823
946588,0.486305663151672,0.520199195653476
948030,0.517190134313012,0.545251736994419
948965,0.5181877251716,0.5248101159799
950870,0.593758213679966,0.639106401765317
952474,0.289616469053747,0.294165406758318
952495,0.384061454749533,0.395773477514864
954510,0.324124695421096,0.348150201219309
954984,0.317482066553497,0.33209146510919
955086,0.483369387416132,0.498027867776022
955135,0.450620205612442,0.470364034995879
955192,0.202317783744124,0.173511271279157
955477,0.57229379636887,0.596673549570481
955677,0.464425405634931,0.496495157827927
955761,0.353412054033321,0.441989371880421
957702,0.597402747292698,0.617572553180583
957703,0.344627811480367,0.31448406867206
958272,0.218958266558057,0.212799855132213
958377,0.374425814101387,0.39720171455015
958818,0.393915930385885,0.410239475715471
958864,0.24006914987418,0.25523942562503
959411,0.51311903028489,0.520553372074034
959808,0.447177092737337,0.468549325323793
959867,0.323910532071566,0.340151536767533
959893,0.421567337348275,0.416042496241495
960122,0.429448750735401,0.469872894784233
960191,0.47031796564093,0.464265572699651
960422,0.4243857687063,0.43253089705053
960499,0.423407369601692,0.425537812022625
960507,0.445757516586519,0.457701437879197
960538,0.183056190399417,0.211649334039061
960619,0.290880244711835,0.298448320795168
961030,0.616187275448219,0.624947709816647
961244,0.246098412055119,0.290186269337575
961700,0.469386680326012,0.499975587725494
968929,0.124476276193389,0.147471453395596
970793,0.490747728811182,0.514740279343153
971360,0.511056318670289,0.555656365082401
971450,0.393078174216153,0.445991706886298
972982,0.292666380360791,0.286309100303664
975296,0.0855830310623031,0.102652309413871
978017,0.388167805152737,0.422294621204362
979301,0.488258309007018,0.504518297535586
981382,0.643458941088702,0.621158871266743
982128,0.547796171181663,0.575032318971432
984916,0.502770104299946,0.552306193169933
984988,0.482918907864599,0.479694044841671
989950,0.356959076857624,0.333460944583112
990993,0.322045462914584,0.371437643157412
991782,0.0770514128529419,0.129344163206864
991786,0.330661986623184,0.335899736807807
995429,0.462541461524713,0.471627829434911
997559,0.299627569671481,0.330105904257399
997577,0.315507428484492,0.377913059763664
997604,0.215003290891883,0.226940296119862
997653,0.366773761943572,0.404805906970892
997709,0.314805520098947,0.332182756127321
997715,0.430514563746813,0.43256237381891
997924,0.262296491788211,0.327452283573178
998009,0.301648488703381,0.334254623862771
605047,0.392455624471496,0.422281515486623
620232,0.129845494632239,0.162690366956417
622370,0.168358757425368,0.215103725100318
622897,0.0601656837596187,0.150271569054588
628141,0.0605227532668803,0.0687776778379407
630328,0.261711961295107,0.240120090075066
632677,0.14543050934012,0.144474445059126
632836,0.346544581604236,0.424155498799406
638951,0.321612100882948,0.407024311078487
640836,0.115562540880256,0.106198848810718
640910,0.0346479464337619,0.111912742078506
647153,0.141186241600503,0.189476308554304
652585,0.0386622336513529,0.141657649394966
657807,0.178571428571429,0.132619529853233
659951,0.145307843908945,0.133852120562821
659955,0.050395263067897,0.0776540453149019
669580,0.0591082804679325,0.195848491021479
672897,0.0989238733658996,0.119365074909621
673021,0.163299316185545,0.143777030937918
687023,0.115727512471569,0.175561720794196
691380,0.123091490979333,0.160879933307969
714467,0.063887656499994,0.0886581186848313
737345,0,0.12953194003771
760213,0,0.0663723311599972
785539,0,0.186636254347501
826388,0.130744090092123,0.197673873153717
895981,0.187619693596614,0.198889321043933
933123,0.04,0.0620651280774202
935585,0.132314031006241,0.132314031006241
935591,0.158610317143629,0.158610317143629
938681,0,0
938684,0.127515342612668,0.127515342612668
939484,NA,NA
939565,0.0903507902905251,0.0903507902905251
940007,0.05694947974515,0.109993549950076
941832,0,0
942122,0.220479275922049,0.220479275922049
942723,0.104684784518043,0.104684784518043
943006,0.173488558983813,0.173488558983813
943117,0,0
945611,0.087287156094397,0.0835511986288714
945612,0.226778683805536,0.217072381587727
945955,0.100950893025014,0.096169407366869
946219,0.160170066684696,0.151004906883161
946376,0.242833397554906,0.254073009123084
948789,0.368364368108952,0.37442263245203
949115,0.0745355992499931,0.110901743841784
949615,0.126916601751431,0.126270326349434
949618,0.393112797086125,0.391858774933503
950966,0.0705540651287698,0.079555728417573
952385,0.0888888888888889,0.216512203971913
952841,0.353684215164113,0.387465959962769
954043,0.215727748652002,0.217271037901084
954373,0.182161466620855,0.223071211836577
954826,0.224230527825581,0.223258228874379
955027,0.196618353976213,0.195617148428614
955093,0.201318479808516,0.235250151450479
955103,0.0649569802461631,0.0716727723851244
958041,0.249756216421785,0.170871531543352
958810,0.0317740635676047,0.0307244191283428
959111,0.10232343558582,0.099485479864211
959321,0.176353277454374,0.153986517978257
959421,0.339683110243379,0.315424636177606
960342,0.227047448118539,0.240812402746128
960369,0.114707866935281,0.167588757612868
960924,0.371020791545187,0.420667070631546
961515,0.262177432737843,0.273704920601811
971670,0.168549965615811,0.219537516865513
973239,0.15949044456578,0.221422922956664
974820,0.0730413618870031,0.0971702633825643
976357,0.330808044436877,0.331176668010842
977601,0.291287632501767,0.343398418557215
980069,0.298540717013266,0.281578930499973
980070,0.314800093867678,0.23660939239625
980071,0.353917690937826,0.309826274893449
988983,0.284157248042183,0.372272691077037
991337,0.0480708123921773,0.0467099366496914
991496,0.228122407839653,0.210721553964722
994624,0.070597811840613,0.113316683941681
997381,0.166856878951063,0.233112241989282
997603,0.144916451124727,0.176987337590748
605252,0.327248928216064,0.307700210186593
605747,0.351784380041112,0.432543062159969
605819,0.116371171603203,0.120087646951831
606290,0.236247868209812,0.258808992915606
609390,0.278479091120137,0.323102155968345
612081,0.244430111000169,0.279822737917963
612200,0.173541866270056,0.182123769660526
615810,0.157159027878731,0.202803423350679
616326,0.365444820166026,0.456286428352832
617357,0.161917350720729,0.210834447368445
618273,0.181474804397794,0.21554397201194
619747,0.0611499488087785,0.0711818398746342
624639,0.347306597642863,0.404426196033917
625123,0.422742293337876,0.490379808326552
626255,0.181501787801415,0.206421543276443
627222,0.142965245137355,0.144179399290117
627288,0.276039869149301,0.306812629735772
627462,0.272569633400359,0.257518522583686
627574,0.229123829701248,0.246043316171839
628132,0.173762011714229,0.242785680243077
630380,0.25793764523022,0.295141424045073
630498,0.284684079312308,0.295946272556477
631927,0.0496521024619361,0.0626986770718706
632139,0.0216879433365917,0.0597022314125993
632147,0.162098078914709,0.192905130518945
632378,0.321896586857158,0.324239386964529
632402,0.209945552432591,0.218862172388609
632493,0.316227766016838,0.360739552682911
632833,0.208893187146838,0.238507005115621
632857,0.122340750041323,0.162261785763782
632865,0.158359465164713,0.177555206057109
632876,0.283296349835037,0.339788641691754
632920,0.237100802715315,0.22930355317847
633248,0.158451085103963,0.143844155202313
634475,0.0845585786160632,0.130681818181818
637335,0.0524863881081478,0.0891660702323961
639691,0.399511101874744,0.412203231943636
640098,0.246073348026727,0.304065348403926
645152,0.513082949770815,0.567789016091882
645626,0.235147274317169,0.201697962822684
647145,0.328797974610715,0.385855579187453
649290,0.48296213845856,0.482395524157566
650816,0.499653139049478,0.464132256765646
652995,0.0478649738167177,0.0575905651346492
656451,0.375284167835096,0.334720827804354
656452,0.24096579867075,0.241605977137358
661935,0.19962770875844,0.242206048005382
663204,0.308790339749971,0.329666000731727
664912,0.241190955309433,0.260820265478651
668444,0.416602559170839,0.406879614146695
672341,0.243991111045319,0.260419600922436
672372,0.190243381845117,0.192741680942144
672739,0.229979089019901,0.320217862243883
672903,0.218232284081213,0.227509479759156
676300,0.0903244604661892,0.117537266401554
679855,0.11503946170861,0.150318677976645
690620,0.372677996249965,0.393708694274983
691940,0.264435719331869,0.323853497458714
697075,0.422693820465072,0.486838531530821
697675,0.110133464732153,0.0756707674607503
702679,0.317014729737329,0.222442026650064
704518,0.27668578554643,0.361598998741138
711378,0.270281238808668,0.367285869397789
711402,0.21380899352994,0.241261331320056
713750,0.188982236504614,0.218556857720203
717252,0.321612100882948,0.315155198429386
726154,0.283196930161915,0.345230110416317
737969,0.233074505374209,0.358826481894998
761141,0.307613667161098,0.425532248173495
800883,0.314970394174356,0.28439822949726
927448,0.250032156408905,0.250032156408905
927449,NA,NA
928262,NA,NA
928263,NA,NA
928289,0.288532895052009,0.288532895052009
928296,NA,NA
928311,0.368932393686311,0.368932393686311
928316,NA,NA
928333,NA,NA
928412,NA,NA
928463,NA,NA
928676,0.112986536573206,0.112986536573206
929261,0.0356235249939548,0.0356235249939548
930083,0.253417014989599,0.245230128303883
930760,0.406328917865113,0.41206557725543
930852,0.155699788832305,0.155699788832305
930863,0.0500783085836134,0.0500783085836134
930953,0.286371032405229,0.286371032405229
932128,0.0394463762278662,0.0725632149166311
932164,0.480923700076037,0.480923700076037
932196,0.411009866190072,0.411009866190072
932214,0.365828295287406,0.346491018852631
932239,0,0
932465,0.308848510523557,0.308848510523557
932685,0.0207703246198632,0.0317021312474121
932715,0.260623345657842,0.279963808618082
932867,0.146238526018589,0.146238526018589
932932,0.211666878333651,0.208426573599507
932938,0.322149464834758,0.322149464834758
932993,0.26770779400647,0.26770779400647
933010,0.351343873807657,0.279935272451503
933059,0.278944077318185,0.272108843537415
933142,0.330627314061894,0.330627314061894
933693,0.525877136401583,0.525877136401583
933705,0.251754407489007,0.251754407489007
933709,0.457717107496595,0.457717107496595
933860,0.148415598278701,0.148415598278701
933868,0.169867801811242,0.155861195255086
933907,0.461975674733799,0.458972395607606
934381,0.0441176470588235,0.05781216125786
934868,0.278980624200401,0.312584029749819
935088,0.454017124797964,0.454017124797964
935184,0.0947691702067035,0.0697863157798853
935290,0.153755201338148,0.153755201338148
935371,0.0662912607362388,0.0702610580957841
935581,0.0875547388229954,0.0790691444743377
935644,0.240834560117612,0.239360197176672
935845,0.190304536739463,0.260141073412221
936391,0.219296395526486,0.21603325267123
936427,0.325083307643849,0.316917154280253
936447,0.110679718105893,0.117393872005783
936582,0.335759712369429,0.320461797722823
936838,0.169224360855603,0.158721272258383
937279,0.254216148857888,0.286652744937822
937756,0.236453520743419,0.250627353558543
938066,0.386550803497788,0.410234763164337
938113,0.0805195783001038,0.08632646735503
938344,0.382276425771303,0.399170827337859
938464,0.0984284627367416,0.101144347484835
938657,0.278139871726353,0.302221120959644
938798,0.171196739349475,0.167600380788498
938801,0.394389384270596,0.400503785693097
938830,0.329141352500113,0.323769233817569
939022,0.345834250622541,0.398980708882781
939214,0.184948860718527,0.180214361909944
939307,0.217211737483691,0.214471816501835
939464,0.0909090909090908,0.106313102581051
939471,0.232204433304714,0.281097774204898
939490,0.311303333008419,0.30748078305157
939512,0.119558449101843,0.121749530264727
939542,0.385570154169504,0.359820608368239
939597,0.385741994159351,0.461304865673791
939619,0.360790093441358,0.335028027870074
939852,0.166609540129713,0.171627405550624
939988,0.268024136242895,0.243460302435448
940560,0.333797263040562,0.32028994621198
941592,0.0911211378003028,0.0871918153641677
941593,0.259378237451977,0.243778040319549
941633,0.389623202257353,0.393618625470895
941650,0.3640767069069,0.37231555707232
941762,0.0573068255061253,0.0655121782080419
941823,0.116150789906925,0.107360427691265
941937,0.252868705400869,0.229548733719615
941947,0.226848964962365,0.282770458144412
942037,0.103795665541991,0.137969650015128
942052,0.084923967373131,0.0915992792628497
942162,0.203586267761489,0.19583736295016
942522,0.00962116830590183,0.0184166955493542
942640,0.102807861703058,0.119141385574715
942739,0.0721687836487032,0.070824438332735
942777,0.386242836278551,0.356232091165398
942984,0.086066296582387,0.12636915365545
943048,0.156584621427776,0.140274480032835
943135,0.120100626429612,0.0856580146447994
943140,0.275112027445557,0.266339764929699
943565,0.223684479460764,0.23211860553877
943652,0.0905265857504888,0.0894958730593897
943720,0.0995566844601995,0.097070259120287
943743,0.368620256226171,0.370223283187688
943748,0.209500781639589,0.230482731845789
943896,0.137658917136986,0.122501382182161
943927,0.108732056443913,0.129479811010163
944026,0.150865791830986,0.176428414188962
944146,0.249921911602031,0.304732103798207
944243,0.04325904563487,0.0721922875684433
944252,0.453202405407792,0.443980861263795
944281,0.478257534217744,0.510756542139467
944510,0.253342050629139,0.256514702419497
944714,0.115545182631434,0.122535770348968
944734,0.423578496368739,0.471851969601917
944801,0.163202775050187,0.149969017866033
944908,0.168473740330749,0.167003538872129
944951,0.209968124844642,0.21216805359535
944960,0.237236073405772,0.231791574007903
945071,0.314025151269816,0.316068832169676
945118,0.251976315339485,0.303952771840032
945190,0.380402636808056,0.389498205013646
945209,0.305633993220215,0.341561104972474
945390,0.105105815992827,0.0961478221165799
945505,0.385764611853596,0.379113484488134
945510,0.252844902249438,0.252107201627511
945632,0.19438888844188,0.233445913313029
945802,0.151580411952995,0.135423856818893
945921,0.318723581897955,0.325882520683678
945926,0.133574177185603,0.148033225854597
946131,0.15944820103582,0.189660404604451
946181,0.308338397070269,0.334172185641922
946195,0.263325718063682,0.276885403059878
946237,0.0403136509386844,0.055229276821845
946299,0.142372276330282,0.155446509626109
946384,0.208638492862496,0.199698284840473
946395,0.338984567169841,0.328165061656947
946407,0.35017464586788,0.357665324844028
946531,0.11841900245884,0.0993689057556346
946532,0.123570038351985,0.136435912003121
946535,0.398805373140989,0.398486146297721
946583,0.143236166667201,0.141897913550595
946760,0.258785282117425,0.278384383672266
946790,0.0903507902905251,0.0966792264986228
947077,0.413816287002414,0.468658517849708
947988,0.120096115353815,0.138475468647216
948805,0.442434837473965,0.474586619962936
948807,0.139581880599346,0.169942621215205
949120,0.28750561539889,0.300719294655002
949453,0.394467900541975,0.423583997635147
949620,0.235608036022214,0.273134192020349
950919,0.099587565635463,0.0957065617902544
950923,0.350719628170169,0.362167654711177
950962,0.134278126471696,0.150216729216547
951177,0.358495313781566,0.364565399784656
952255,0.390163935717145,0.366049033095558
952468,0.0544734710702843,0.0474288953180065
952480,0.139686059153916,0.157496819182104
952615,0.15473019268614,0.14408504424837
952624,0.169515875905202,0.186378623643373
952844,0.150299061384181,0.139607792822845
953866,0.282831371724727,0.32898411859029
953920,0.19648054459243,0.219797423846014
954025,0.0605707072822213,0.0685885456345637
954049,0.352588852300875,0.356136986173171
954052,0.25575531215694,0.252693300825558
954120,0.205777514226594,0.212635454501044
954363,0.183363777112675,0.180808473676302
954383,0.204090930009967,0.216414881251261
954411,0.136835647592832,0.155869921597138
954506,0.413179439899208,0.416101973087001
954744,0.191967922707151,0.154151026775939
954837,0.236824555242897,0.268981110058363
954981,0.230386391627709,0.261724367351443
954982,0.0122042004323035,0.0156345454832045
954991,0.121195088186278,0.0986868208712937
955045,0.261270248564613,0.227578809855708
955249,0.330193673137095,0.33179600194966
955263,0.195092537218865,0.217366677759921
955340,0.285984618148413,0.289292842761907
955428,0.305320059909353,0.36324157862839
955439,0.230872445887523,0.2180720605548
956707,0.24339749963062,0.221899803793815
957942,0.15656281201809,0.183436428230465
957950,0.395935366391383,0.397033333588371
958083,0.392329814496437,0.401120421016216
958254,0.367612822635019,0.366272191636009
958262,0.278649494130699,0.244119234677115
958432,0.361139757282719,0.364975349911778
958446,0.448508780335886,0.429314061380662
958531,0.182370122926389,0.18249450461409
958702,0.270693692199762,0.282803641442686
958704,0.276226698390229,0.247639480266524
958777,0.367423461417477,0.342420504506569
958882,0.227301225385426,0.235123906125104
958912,0.375533808099405,0.403832373740128
959011,0.285064400559259,0.298005243000436
959013,0.382591266288242,0.380534289461647
959188,0.211357376113096,0.230019373882681
959291,0.368355577099108,0.391445118219558
959424,0.341881729378914,0.357063861226445
959888,0.0529375131016276,0.050826728170328
959972,0.440726078154795,0.424727474786695
960208,0.0778876672929097,0.0591312395989084
960221,0.124514561272938,0.146791919332334
960292,0.28875026150164,0.314964851976774
960344,0.210912949871211,0.235635600629938
960358,0.459547953619597,0.482617722545886
960362,0.0794351589190117,0.147575227007193
960381,0.40888701047444,0.414220521232467
960401,0.105964654173137,0.0968131657050252
960428,0,0.0626023915336932
960521,0.387795383716066,0.423723948736467
960558,0.215660324316437,0.262967609363348
960591,0.145519602256378,0.146944614280653
960629,0.277128896350896,0.277506489737234
960731,0.147113516082595,0.144433663160607
960821,0.403958831681972,0.417131653479549
961213,0.360210559586625,0.363743741865085
961399,0.232463865574034,0.233209606131636
961698,0.262325931579027,0.291350754741892
961775,0.1551528800705,0.140738863806056
971262,0.240189343833828,0.301858455721127
972664,0.273789988557765,0.300380334238366
973379,0.382279308341917,0.402324484947679
974354,0.200148093319071,0.245277590078663
975164,0.258367152319433,0.24043597678683
975175,0.307808921683318,0.296174438879546
976277,0.260190536038973,0.27998068968273
976860,0.152929897709168,0.156524605569
977020,0.0882298803383059,0.136640699203728
981301,0.406314787497422,0.433098134013381
984805,0.0651508192168698,0.0706125731764543
985985,0.405755294207891,0.433923555600135
986202,0.22108670054109,0.208570861466738
986258,0.442248962288597,0.502211295474014
987007,0.257315458925415,0.227980376293777
987827,0.117074365840965,0.156836105829125
988394,0.0863749065521988,0.0961513212932265
988758,0.0625203549915835,0.0588537568870482
988954,0.295795395017965,0.288114074443545
988956,0.292922896429929,0.28891921150547
989134,0.16966991126266,0.19100738218026
990635,0.406571478661846,0.374916785441975
990875,0.0443760156980183,0.0644735934771295
991039,0.106418501400565,0.114888176782393
991045,0.470495754650382,0.517096766682071
991145,0.139597726652626,0.159897382756656
991333,0.343829497120551,0.351447002996909
991339,0.333486484424958,0.349971748212735
991352,0.130145030399662,0.150882543259015
991753,0.3547951056348,0.418332570444949
994906,0.197642353760524,0.215821153016799
995068,0.0528457380362594,0.0812997066520583
995478,0.150352803309776,0.141482587914878
995950,0.274462323197539,0.301481422704624
996445,0.325166238571545,0.340564757676204
996719,0.0707106781186547,0.078969398584573
996875,0.357727478867409,0.373234871805513
997301,0.214632391815451,0.260584219281111
997304,0.157685389312727,0.192610603738883
997359,0.231662675396304,0.266421678077812
997427,0.262146953751766,0.241878859132396
997428,0.0858077327692541,0.103453296891818
997443,0.219802916036679,0.229863079697374
997571,0.090689462316813,0.094537444243349
997600,0.205944501974668,0.216622070521639
997628,0.27626312227038,0.273580834069838
997633,0.00987681418243267,0.0293504703144816
997708,0.258860091571773,0.2759714775303
997720,0.167475617410469,0.174069515970378
997752,0.258789396841472,0.295033428144887
997753,0.213747931414306,0.217968008163447
998050,0.102625873788463,0.0943864844502126
998530,0.278431091305982,0.3032583441148
999086,0.230076981552544,0.253652466362428
999501,0.063714518901183,0.0480692696584233
