"game_id","wordtype_mech_pct_95p_mc_90score_1yr","wordtype_mech_pct_95p_mc_90score_2yr"
516505,NA,NA
531290,0.240239378069103,0.244284959100919
605302,0,0.0152818758981624
605579,0.320000483933045,0.353398132117102
605601,0.128697890417557,0.129200422163069
605604,0.0382080359950435,0.0225245792799829
605975,0.20761369963435,0.263897549814914
605976,0,0.0185599363321036
605993,0.412803503034812,0.383294762580771
606288,0,0.0444115591684327
606544,0.240872575713362,0.271765455949592
609595,0.394806526588607,0.449345734383184
611500,0.232810098589859,0.24754109910211
611664,0,0.0199165255226231
611671,0.319574184774784,0.400242644850947
614208,0.172928615966519,0.142659590613354
614909,0.107972362612304,0.154914212801939
615288,0.433196923428693,0.422763572168108
615426,0.225573474119074,0.339647124956955
615699,0.0966234939601246,0.0459315212174625
615816,0.240662735038475,0.225817421318643
618245,0.229793995848571,0.279683894132954
618770,0.295760240875639,0.310880914179029
621796,0.592224557923174,0.596901350919546
622414,0.225221308230725,0.204124145231931
625218,0.062284109890305,0.0458952260547676
625528,0.204757089836981,0.233160685634272
625933,0.223838155078032,0.158891624459791
626268,0.394346987834185,0.429311738628183
626631,0.35068322372799,0.338210857734486
628357,0.208053404397217,0.16273613872603
631685,0.239680638581088,0.266828429900631
631936,0.32694106405277,0.358019505197266
632145,0.420325549994187,0.333333333333333
632705,0.109108945117996,0.158232601996244
632874,0.341802021509714,0.390566732942472
632899,0.169874893340702,0.186022901208457
632900,0.295760240875638,0.331174543083307
633400,0.208231682518141,0.307510402676295
634491,0.0345857231933037,0.015851065623706
636040,0.230403126130823,0.258073815020731
640253,0.292943002710219,0.278956994896115
640643,0.258858862425297,0.254246418090461
640660,0.37370465934183,0.355688001924449
643006,0.423741253887682,0.451015888165169
644272,0.299342170044625,0.311754045141536
647136,0.125144927584909,0.106752102536725
649270,0.328108979444855,0.401003765693668
651559,0.281220495910703,0.327842673266191
652686,0.242140293681378,0.237825747077247
652988,0.252824948423716,0.242949357364662
652999,0.234888087805881,0.292075430106741
664240,0.373627935911417,0.390006533983139
666508,0.27668578554643,0.206063853108178
667703,0.193246987920249,0.290899634377263
669884,0.326055658375689,0.377498252931678
670379,0.277791949751858,0.329715806303818
670455,0.137620470640795,0.0991836598134176
672705,0.144097604426059,0.141316715929799
672717,0.351094984041513,0.356851668462449
672893,0.257395780835115,0.26647587071133
673455,0.14876160066112,0.150271931455416
680069,0.34544086116173,0.336926038183882
681534,0.22971445240057,0.230635121078538
683105,0.398179851866417,0.425811776792714
683187,0.233582864989514,0.251006259166645
684836,0.439297685106979,0.530793786277768
691870,0.38375997045295,0.415748589837841
695534,0.138342892773215,0.0792553281185302
696965,0.0628074293021328,0.0626839140807223
700994,0.444444444444445,0.496216227815135
703246,0.207869854820775,0.219633843486092
704458,0.204190624356062,0.17046943731892
705969,0.266469355010597,0.199458993230071
707754,0.250705832656633,0.256838849494018
710576,0.282633431859597,0.376103484484334
715207,0.0905357460425185,0.127224764166009
717342,0.278060342804635,0.327069502896481
720002,0.293469592826711,0.201751127847999
721166,0.13622298275595,0.185880598911229
722936,0.280668161834993,0.346127723503904
723569,0,0.0247234088217074
727962,0.251229717208531,0.219393699282528
728005,0.273861278752583,0.251048222626717
735149,0,0.0548821299948451
739464,0.165168027803067,0.167047743978355
762884,0.21650635094611,0.194037631426583
763436,0.184375525158901,0.239816048439636
768265,0.376473483082895,0.458580596825178
809372,0.238095238095238,0.272245563891909
813891,0.0890870806374748,0.169774937525433
826286,0.169030850945703,0.41416109397758
926309,NA,NA
926596,0.135925533206117,0.152679835783889
926821,0.338061701891407,0.338061701891407
926934,0.269430125621825,0.269430125621825
928235,0,0
928326,0.408248290463863,0.408248290463863
928332,0,0
928376,0.293568281975993,0.351581276967315
928519,0.305441419328485,0.305441419328485
928546,0.38554980047803,0.463194710191448
929179,NA,NA
929198,0.392952623996688,0.467397950416196
929232,0.247435829652697,0.247435829652697
929914,0.428499162922391,0.452687144237188
930036,0.304290309725092,0.286038776773678
930085,0.105605001571314,0.12515654358044
930144,0.101929438287525,0.0823386969592618
930278,0.0753778361444409,0.0539163866017192
931221,0.196116135138184,0.192648389720381
932031,0.432292813278176,0.422430881598548
932117,0.274985970461435,0.276955854703499
932363,0,0
932470,0,0
932520,0.272670941574606,0.271448357015318
932594,0.377964473009227,0.377964473009227
932673,0.267261241912424,0.267261241912424
932853,0.121716123890037,0.119182823655699
932882,0.0743522395644915,0.125436301501064
932914,0.204124145231932,0.204124145231932
932984,0.382765907912056,0.446702573720782
933007,0.203809866146027,0.222451199328019
933078,0.334332605339461,0.37066556231539
933119,0.269581933008596,0.332756132323081
934380,0.272165526975909,0.319801074533416
934443,0.301791429491459,0.306569669742483
935677,0,0
935895,0.202030508910442,0.202030508910442
936034,0.274315067429599,0.285947807850298
937715,0.0481125224324688,0.0376889180722205
937748,0.288195208852118,0.332018403815874
938028,0.0555555555555555,0.0435194139889245
938068,0.177393718796725,0.111959005629311
938207,0.0609710760849693,0.130066495428618
938400,0.3963119945523,0.390199486285854
938508,0.313822957230424,0.289478126784603
938877,0.102062072615966,0.159900537266708
938954,0.341093250409679,0.357285328806563
939097,0.386555671742534,0.389028495922118
939336,0.290910072223184,0.28540407456379
939405,0.346451164077867,0.324059461956785
939413,0.0847237084548255,0.0912514547772207
939451,0.388215607115311,0.446959713222614
939458,0.0753065568508208,0.0948446216128018
939462,0.34687296754716,0.406892913638168
939465,0.423057056113325,0.41788305283557
940567,0.190869659102224,0.232670020298844
941882,0.262111216998311,0.343350801749736
941951,0.208766700191766,0.25426732885254
941960,0.123266710272273,0.101492772449556
942006,0.464337193169811,0.408978392311726
942025,0.311399577664609,0.325147000689235
942059,0.155172884482515,0.174523438134912
942198,0.084103426706236,0.0825254062623997
942280,0.113066754216661,0.134790966504298
942291,0.123266710272273,0.121791326939467
942350,0.195372329164482,0.236410916626674
942420,0.144170799399664,0.215921894466472
942874,0.325221817793996,0.335877016887934
942937,0.080350737600837,0.144041489924508
942960,0.147180996735913,0.165050812524799
943273,0.240284665666106,0.246767879390254
943397,0.233483362167112,0.325755823759938
943494,0.215987325129569,0.292819795775073
943495,0.230556167081694,0.204124145231932
943500,0.12604374477047,0.143019388386839
943672,0.344917574988083,0.313571582810797
943679,0.261116483933547,0.211079263419088
943732,0.189524510894726,0.198486114017276
943806,0.489317933339128,0.478181688306164
943928,0.451730027397173,0.430730492253948
943951,0.314800093867678,0.273589244764985
944089,0.273009453115974,0.255366465218488
944568,0.307470023134045,0.314187219132503
944706,0.190837146249014,0.228810836737848
944924,0.422200330920749,0.417870801166174
945121,0.240771706171538,0.242684374283703
945905,0.285206849976551,0.304049096599807
945943,0.0713376375006422,0.189232710089031
946162,0.130434782608696,0.136896419548348
946208,0.17633640396465,0.181976070596736
946345,0.321039622979779,0.358996213939523
946617,0.393654265044099,0.359588304931642
946788,0.274227159047674,0.341781911014681
948959,0.354109036421933,0.379165777997916
950186,0.357123943516333,0.367764141566157
950874,0.26115160619935,0.271017804478414
950878,0.225589417397471,0.252660468045902
950897,0.280762108489586,0.260717962958348
950940,0.187251471568285,0.228994290098564
950974,0.277498374037728,0.317885088779819
951867,0.113633102861785,0.101852714297833
951897,0.123920399274152,0.139373668334515
952337,0.133917896001395,0.192055319899344
952370,0.389126661075313,0.412858988593022
952373,0.25222459238793,0.225586438119776
952493,0.0479463301485384,0.106581435596991
952594,0.364201162884788,0.340777100548239
952858,0.269986922825131,0.280831438733094
954263,0.0229295083989028,0.0398093714329017
954855,0.294231946196439,0.322201116264413
955120,0.208248281958761,0.222533661033708
955125,0.330998397733241,0.318132328502876
955480,0.269330392090508,0.316165041079988
956191,0.13257195333875,0.203705428595667
956856,0.484237354613249,0.459308983526261
957999,0.243204163172071,0.290877923781447
958268,0.235090839753693,0.268853044205814
958890,0.189388504769642,0.135803619063778
958956,0.363427377893488,0.430395249895009
959196,0.0521286035142686,0.0583807870086716
959216,0.437374016840695,0.444302117465919
959272,0.330862051268647,0.367101452391072
959942,0.247394107060772,0.199130700635446
960116,0.36584033433674,0.327772702093872
960171,0.077908938713162,0.0862261227118453
960216,0.431146968735104,0.443090280058735
960403,0.40208909373438,0.44703900498169
960443,0.413284142577368,0.433934452276527
960494,0.129488494810918,0.161500241151901
960554,0.110059325737058,0.15805215593872
960699,0.273009453115974,0.251235860270095
961274,0.300964632714423,0.242684374283703
961275,0.137018051220097,0.174046755510623
961285,0.205828573304832,0.18906402929637
961686,0.351728384869015,0.377473290900467
972053,0.315584372133601,0.381713609592104
974869,0.251935512762043,0.253495984584991
975240,0.303239217431561,0.294910081179909
976418,0.201773308922127,0.278531001877676
976803,0.060084176812611,0.221621856888516
978268,0.24326681639992,0.239361226735554
980491,0.348313672307081,0.341112756402066
981376,0.195361754177944,0.221926517204711
981379,0.276877207575773,0.356911001951205
988571,0.130144801573838,0.138379681204333
988768,0.26993090653076,0.33095309098596
988809,0.3188804120798,0.255463748341168
989150,0.256805093386469,0.28646953263893
989945,0.205704484784482,0.207750079613584
991065,0.269589189490556,0.346819308255343
991428,0.440385506050544,0.375898400503501
995071,0.195740073171568,0.195802599949451
996092,0.171704837273738,0.138376197018132
996489,0.321744726043893,0.29833528918513
996557,0.182391885054861,0.161586275202832
997056,0.360075760933008,0.376412250956035
997308,0.194624736040381,0.25103362425358
997663,0.464292493011513,0.483933918495828
997755,0.398930580053177,0.41396700766523
997846,0.175162262436343,0.216776082441535
997931,0.602938107811517,0.583733350996453
998171,0.324329062548308,0.317303796075103
999091,0.130031582934249,0.149187797030523
999483,0.107972362612304,0.104769759515619
516508,NA,NA
603731,0.150295244410569,0.167316071201622
604077,0.267369569110784,0.272016895796363
604137,0.186540617008734,0.151997538035125
605052,0.730719735986947,0.726382910277103
605150,0.161246050779853,0.157028332961409
605192,0.486580479859479,0.488880052119122
605238,0.0120185710215711,0.00575616437533084
605243,0.171960012100482,0.173705589504699
605254,0.0514514671755839,0.0616990148566096
605257,0.0240371420431422,0.0316589040643196
605266,0.412151130163494,0.378341026803107
605273,0.0556032468301596,0.0304431282773992
605304,0.454256762579498,0.44939777257141
605345,0.0420649985754989,0.0460493150026467
605506,0.158939332228911,0.181548918308197
605598,0.215287301635712,0.22189535374365
605724,0.198704725849984,0.185994643843556
605745,0.378125187726983,0.362242317704261
605791,0.141122886169566,0.146371071503983
605821,0.169781102528523,0.1349718453579
606286,0.152768690019573,0.139844703224526
606303,0.350311365414165,0.366775546447356
606327,0.430212780811343,0.433463548830373
609164,0.335345368123465,0.368037369049289
609526,0.132686223108569,0.118795247123593
609557,0.0142842567828502,0.032681134684641
610121,0.445730295906327,0.465119722771491
610133,0.0131990919337114,0.00599286076242383
610420,0.647756053415497,0.679520045060333
610675,0.179445025980193,0.155823414334462
610678,0.382256202061577,0.375735495188991
610767,0.282180858542916,0.321010371892991
610876,0.477453259308824,0.474593378292671
611501,0.158457580509392,0.176269302320619
611666,0.133477600062811,0.163644398406257
611715,0.464907989376774,0.511791749945937
611857,0.171588195138248,0.173792962110291
611875,0.343156480678448,0.346988959179744
612072,0.324386986572986,0.337223619766177
612079,0.219774375265972,0.266024868704471
612198,0.10212249882724,0.100395163696639
612230,0.213620698474893,0.254330662952144
612410,0.233105926622409,0.233090333731216
614177,0.13426901732747,0.147867569959419
614204,0.461833091930127,0.490580009597597
614524,0.368061989403803,0.343501544446003
614978,0.120053368915247,0.125264353097406
615370,0.0817915532008452,0.0899646902120484
615371,0.121454260015406,0.124337710372742
618775,0.435928645289322,0.453361492993939
619503,0.526782687642637,0.536743757983068
619744,0.0494821169925136,0.0566053857227996
619910,0.0923099494126357,0.0959140994331369
619946,0.171588195138248,0.173792962110291
620242,0.232495277487639,0.232347765159393
620290,0.514647144501106,0.471336824298862
620506,0.288597103742031,0.327185475025326
620509,0.158389103204536,0.175790582364432
620822,0,0
620823,0.0523114374347187,0.0453361492993939
621185,0.192943001908439,0.178927143084168
621206,0.133392632128052,0.113334414707177
621209,0.0348742916231458,0.0340021119745454
621309,0.173187409473798,0.181137234312959
621319,0.363105827252868,0.383782109439328
621666,0.222578502585903,0.253516811891026
621801,0.362137686751899,0.358772528741734
622607,0.0154579631920056,0.0262556286409143
623058,0.122169444356305,0.128430885395599
623294,0.459078085048767,0.487345242728038
623315,0.398081097061552,0.378735618614117
624516,0.012862866793896,0.00616990148566096
624548,0.101334903549985,0.124036705944765
625202,0,0.0308495074283048
625676,0.373366522943866,0.421743923171317
625684,0.24295237142663,0.212459694992891
625782,0.486471037951963,0.459687456783415
625850,0.350647688402933,0.364853760402719
625894,0.38864546333033,0.370217835860944
625926,0.0917913472375246,0.125305350448114
625928,0.354721393083061,0.327208438482287
626535,0.113264767167502,0.0888171710058463
626633,0.186540617008734,0.151997538035125
627044,0.294069629228055,0.312337614997591
627150,0.251380957328909,0.246516975406284
627224,0.162001061389741,0.196093048618635
627416,0.254757548368452,0.303307013932577
627553,0.308563231130402,0.316500380562669
628015,0.236284781544397,0.202663384046833
628029,0.218346291477015,0.237254059606027
629734,0.160030484900724,0.152239110073659
630107,0.223996017883967,0.2034044392232
630214,0.47008011142888,0.509448471505196
630325,0.51984657242043,0.577075473946412
630363,0.156456265939706,0.2427268104273
630384,0.400954655295764,0.425642935639792
630670,0.070703463847543,0.0600835350761893
631928,0.379454570419931,0.351684384682675
632665,0.100049623690094,0.104706700314332
632676,0.256516494096914,0.28276722400413
632689,0.0643143339694798,0.0678689163422706
632699,0.186878582547345,0.237092498392328
632713,0.214381113231599,0.234456256455117
632801,0.323097826334375,0.315270907095251
632841,0.422370941878763,0.461450278706635
632849,0.513650256151192,0.485126947806571
632877,0.353128044777308,0.355921053195097
632881,0.445979900472369,0.412099034986659
632888,0.0643143339694798,0.0678689163422706
632906,0.37390917897679,0.383537671992333
632923,0.38863556627033,0.416353304959543
632976,0.064930946971105,0.0750424866490371
633221,0.315646205844623,0.355279834502853
633261,0.246946698366134,0.280503800914867
633402,0.407383173385528,0.406215566509336
634005,0.154622145702873,0.139608933752442
634060,0.26911053514939,0.241490645499971
634344,0.124360411339156,0.185774768709597
634488,0.326627667232007,0.399135819002675
635231,0.335174609771878,0.33615951191766
635632,0.212350743338201,0.194182842648852
635803,0.40087204763679,0.430222757078306
636218,0.282968504214204,0.286815171385537
636542,0.199859523141836,0.18791887998276
637240,0.387227826087307,0.432213423960347
637269,0.181503633260134,0.171345529314429
637289,0.453238796041077,0.456938182171514
637316,0.33596597197984,0.354321017947491
637876,0.187368302945471,0.18791887998276
637912,0.157326498942845,0.172674589217603
638431,0.307144882903942,0.305821895155936
638784,0.274087891351352,0.273103849636268
639758,0.396265962611317,0.404817633604957
640103,0.373326696473278,0.379264527301592
640403,0.157000295466112,0.19476329973684
640651,0.230097956293409,0.20418552321894
640837,0.086541712114537,0.122961018069707
640838,0.381779513613454,0.391617967205121
640857,0.269240745366297,0.24642030586984
641694,0.367587036535069,0.322413021932997
641697,0.398673296511057,0.381597159765744
641698,0.319440045399534,0.344657060758731
641824,0.339237572230938,0.360149065122065
642666,0.497567433602411,0.548577919677454
643242,0.0355587164708443,0.0690126419734882
643391,0.349055555303729,0.381515277204574
643664,0.154354401526752,0.166587340112846
644714,0.402451171598894,0.397540178727557
644809,0.379801938739872,0.378522440498367
645833,0.399364837874699,0.417971866839193
645907,0.171549048167035,0.197056073435682
646483,0.345625972747598,0.366473451100161
647140,0.461356360958707,0.421716038353727
648086,0.175803210544641,0.178892740093498
648815,0.201104765863127,0.243715646140303
649257,0.284887135194185,0.266604740695117
649286,0.256587030134398,0.261503540362309
650533,0.362657964628231,0.391586971340237
650668,0.471446429002947,0.506970579597716
652997,0.594616515570051,0.565907729442552
655785,0.339503298092595,0.273111333421846
655925,0.306629464075348,0.286462775847799
657326,0.272151643458825,0.237742620035758
657485,0.125570285348878,0.161198424615345
658209,0.38644907980014,0.433217872575085
659949,0.201197821081233,0.257845728427644
660048,0.514953007993449,0.501313915770684
660168,0.786640082420382,0.70594672865699
660641,0.0967821581748397,0.123289677909457
660672,0.471817887682612,0.472177542754929
660785,0.554511440753526,0.545461251528504
661391,0.0996683241277644,0.0860464183785502
661938,0.261985514461765,0.252981009577285
662021,0.191450952875905,0.178831403321874
662135,0.0083056936773137,0.0411526348766979
662532,0.220997848043932,0.220429280332518
662533,0.24096579867075,0.265277149612557
663926,0.329826497528293,0.37691677488227
664523,0.0220997848043932,0.0622388556232993
664713,0.085606798733893,0.0922758286061362
666150,0.545482298954189,0.549306845891286
666403,0.132891098837019,0.134681350505557
666511,0,0
666532,0.157074999886678,0.15109515928894
666759,0.181016547009554,0.231442269437634
667067,0.402750134351684,0.418821866098939
667277,0.40725225777407,0.416677605776917
667501,0.118852666966154,0.106083189405465
667657,0.148297270420784,0.199336837872325
668545,0.0156269076979499,0.0586793558193672
668737,0.0249727010292185,0.056225845645247
668999,0.655290548159921,0.608124824084835
669288,0.129740909270372,0.175047987595045
670460,0.453772221894848,0.445730719902373
670856,0.471809194675143,0.441294120132358
671623,0.3518567136921,0.394008544604977
671773,0.0727820971590051,0.0564890618109589
672473,0.546133636667747,0.475857641971551
672622,0.518256081772224,0.463118445608137
672902,0.529544284719005,0.562415780258378
672904,0.187295257719139,0.224903382580988
672907,0.209796617641188,0.170944658780274
673012,0.104716666591119,0.083102337608917
673025,0.0664455494185096,0.0785641211282415
673089,0.514647144501106,0.471336824298862
673399,0.0352344281721127,0.0410222105147889
673439,0.117460246433735,0.105815662490935
674096,0.314149999773357,0.324854592471221
674874,0.514529336144137,0.545387151534194
675535,0.309396987261505,0.316380849418438
675735,0.180578779628654,0.138824633096003
676128,0.479951388542628,0.506168783617949
676176,0.558962410867091,0.66067886669661
676466,0.119141385574714,0.154889015226103
676739,0.636973681171249,0.562012943831282
676845,0.672297818600175,0.606997492102297
677163,0.339652243149233,0.331169303081428
677382,0.277642243357522,0.291529655007778
677790,0.651886383034735,0.579185080706228
678115,0.092513311310316,0.0708266314132394
678923,0.216185548961443,0.270692541598767
679653,0.105703284516338,0.151782178904719
681609,0.482027070517621,0.494296669383194
682508,0.591094538281983,0.569680607000152
682514,0.181818181818182,0.185474014008184
682522,0.229558761149961,0.256216138950526
682608,0.149836206175311,0.13119363983891
684759,0.076116639165307,0.10858301236101
685538,0.140668915981157,0.158373162457325
685555,0.764212020169553,0.672219835550411
686147,0.407916462163514,0.423145698155445
687862,0.46336039025133,0.437619968987613
687863,0.545743341928568,0.522896362101439
687864,0.655290548159921,0.608124824084835
688499,0.567210265925853,0.514661024531651
689646,0.353128044777308,0.382285575653993
693049,0.418544257267436,0.399066117698046
694897,0.397182821593856,0.383614993507743
695400,0.373994271735156,0.40193393552907
695441,0.468328174726087,0.542956650194109
701792,0.449508618525932,0.443559448979171
702770,0.488901207038704,0.45731898073974
703378,0.0353167324846093,0.0353401570966242
703414,0.456301941021657,0.477154849094685
703417,0.157941229157523,0.161997136887326
704788,0.069432633002148,0.129648389560141
706838,0.137029767004522,0.156638249465054
707100,0.242936962937831,0.284054535648605
708530,0.112377154631483,0.106204375107689
710741,0.0706334649692186,0.101602951652795
710754,0.232323232323232,0.33190086717254
710758,0.268911431300651,0.270649504083736
710975,0.316429635023045,0.347864741469177
711382,0.426441318725312,0.422773015779118
711454,0.176172140860563,0.180497726265071
714549,0.387412375130857,0.377467510439384
715085,0.607342407344579,0.587544381631061
715250,0.548137746032222,0.542155425761664
717907,0.0806215697196625,0.0752683605903741
718134,0.0895231433537927,0.108682495359956
718283,0.0914855267622344,0.139569091398414
718285,0.293827518235685,0.338829293638808
718642,0.393637148955835,0.419428555318593
718644,0.104257207028537,0.0961805271457541
718846,0,0.0258945730454615
718936,0.0319642200990256,0.0255561057276426
719823,0.0701298604741336,0.124293950618215
719941,0.132424438394346,0.127718662448323
720090,0.512877644532173,0.550569463832755
721821,0.61295302930697,0.588807104337058
722588,0,0
722615,0.201553924299156,0.192352477064289
722789,0.0276818266179133,0.0553305919548487
722909,0.117566148296242,0.148365444596564
723365,0.0834057656228299,0.0480902635728771
723585,0.0180275310345904,0.0841525854175213
724307,0.08304547985374,0.0608636511503336
728613,0.139943343053503,0.132276573496911
729319,0.197909773710094,0.157530378293535
730635,0.0439799497133543,0.0492282432167297
730637,0.40718927884743,0.51542648536527
730861,0.174808907204529,0.168677536935741
730869,0.238381676741988,0.200498902004581
731136,0.279481205433546,0.212144590223682
732892,0.0742781352708208,0.0989783718770758
734622,0.228733120862962,0.288755236839686
735127,0.11640504929493,0.136393380220624
737343,0.398093281618222,0.462467340147445
739447,0.171261544828609,0.210381463543803
739683,0.645942241466174,0.751193026144116
755754,0.192617364937231,0.172142545039044
766676,0.264672548532425,0.298299706461006
769544,0.356465894337898,0.442306002489588
771435,0.359982848372843,0.398886001374582
783734,0.437787467783464,0.450181356111979
789217,0.129982534770256,0.139290267055391
809364,0.194637824015651,0.151113847353696
814526,0.252059451148055,0.317496324836869
814805,0.390624010030424,0.410387884950635
889956,0.521450009453975,0.524649729748234
915692,0.380709658799066,0.361094765627474
926055,0,0
926632,0.546192020248609,0.476370544442777
926971,0,0
927013,0.431706701712589,0.38882222412644
927725,NA,NA
928149,0.115337971374665,0.14131050205916
928189,0.143591631723548,0.143591631723548
928233,NA,NA
928234,0.38678685654788,0.38678685654788
928301,0.510061370450671,0.500244065163659
928324,0.197334259490965,0.197334259490965
928377,0.444389384107064,0.487033722706499
928391,0.349130978839734,0.311703683677119
928399,0.403603676397787,0.403603676397787
928433,0.201801838198894,0.201801838198894
928517,0.360876870521402,0.420793980924453
928518,0.535609274646776,0.509261425789726
928655,0.24715576637149,0.24715576637149
928851,0.284516998720043,0.27325034764009
929196,0.427569124809013,0.411622300653857
929230,0.277587453824102,0.306304572566241
929255,0.0977577358757219,0.132199805749053
929267,0.256843505636087,0.271774486178251
929531,0.305128576629364,0.324076566280228
929717,0,0
930010,0.508375792053424,0.476259613197498
930159,0.226832611568233,0.211110908197994
930272,0.396376245128745,0.396376245128745
930281,0.373856163519997,0.376542785134187
930740,NA,NA
930762,0.339683110243379,0.339683110243379
930825,0.0566138517072298,0.0566138517072298
930838,NA,NA
930847,NA,NA
930848,0.0693375245281536,0.0693375245281536
930851,NA,NA
930856,NA,NA
930858,0.299572344757639,0.299572344757639
931330,0.0511059534556956,0.0689134378310648
931339,0.0966736489045664,0.0966736489045664
931415,0.0917126760773615,0.0917126760773615
931482,0.341370012655381,0.349338399258037
931979,0.340734167999968,0.340734167999968
932146,0.195690290008447,0.183536016639858
932201,0.287956141860453,0.287956141860453
932211,0.329541021828654,0.329541021828654
932212,0.122191961994384,0.150867301828271
932213,0.0175276827349873,0.0149822191658498
932369,0.189664847464044,0.18339991146658
932516,0.513729039254348,0.513729039254348
932517,0.253546276418555,0.253546276418555
932518,0.203069233026724,0.203069233026724
932550,0.230978289061194,0.230978289061194
932615,0.522286706043202,0.5095093865115
932637,0.369970036697972,0.369970036697972
932811,0.201377743039555,0.203429428285642
932831,0.401609664451249,0.41194292043555
932846,0.368949427755793,0.368949427755793
932860,0.380407727961498,0.400967582697647
932874,0.201801838198894,0.201801838198894
932875,0.389433906808988,0.402167068833936
932877,0.164770510914327,0.164770510914327
932917,0.0222249662146044,0.0532323239638881
932935,0.0607176740718916,0.0518999296107682
932947,0.0255404722119398,0.0163575811237845
932952,0.39584632472237,0.389144821058012
933004,0.463605017498665,0.500086737792308
933005,0.112419885463868,0.134426522102907
933012,0,0
933020,0.206065147491311,0.191799907326948
933024,0.122237314180324,0.0988600302186494
933025,0.228527728591783,0.238040007598685
933029,0.424316456693694,0.397918479533664
933054,0.237825747077247,0.237825747077247
933055,0.513985016540536,0.465849142869208
933057,0.366233510382357,0.366233510382357
933058,0.309889893400456,0.309889893400456
933061,0.086386842558136,0.086386842558136
933063,0.370726315962505,0.353292792495955
933065,0.364937972129928,0.311939733452469
933066,0.527409631633922,0.533652676696823
933095,0.618162897048159,0.619871075380847
933103,0.688172371798839,0.681151362050715
933136,0.0352672807929299,0.0352672807929299
933155,0.183516206591379,0.173283099715812
933872,0.25526137788691,0.25526137788691
933918,0.382892066830365,0.382892066830365
934034,0.319642200990256,0.301356805664088
934458,0.0539425278816075,0.0390945556244854
934459,0.0876384136749365,0.0898933149950989
934472,0,0
934602,0.369970036697972,0.369970036697972
934714,0.39497143888905,0.346290358583852
934754,0.377179964732396,0.368011776565278
935054,0.238892256610721,0.256632451287368
935058,0.472043194056129,0.503585719359357
935085,0.0644302847606925,0.0614923898268501
935091,0.226227253636428,0.219708721510804
935217,0.546192020248609,0.476370544442777
935323,0.410610887255429,0.386366471167476
935378,0.330125045648092,0.348523925367646
935422,0.302702757298341,0.302702757298341
935597,0.0520402947882888,0.0565703527751775
935607,0.154354401526752,0.132652881941711
935655,0.34160685323549,0.300431951531019
935656,0.685692012343557,0.638791313773253
935658,0.10625592962581,0.116774841624228
935659,0.441821428969313,0.399861663492318
935725,0.309114045284387,0.291512011951537
935829,0.308606699924184,0.308606699924184
935834,0,0
935837,0.22571513873512,0.235760670492414
935846,0.332035512514474,0.304412587621645
935869,0.0237825747077247,0.0237825747077247
935990,0.141508734284718,0.125656172487509
936120,0.339844301351582,0.343976893459254
936127,0.109847007276218,0.109847007276218
936138,0.368949427755793,0.368949427755793
936477,0.275994683289631,0.264182760831081
936559,0.260671352954106,0.253762272136541
936562,0.13375710524478,0.139856720255013
936564,0.0621103369519073,0.0686701603499473
936565,0.122312149047352,0.177975638470933
936566,0.302288869389269,0.30220972368346
936569,0.0948324237320218,0.0802374612666286
936978,0.373756215479116,0.37785601114059
937003,0.273721660452021,0.231349660060843
937017,0.690318244095891,0.65045185963052
937062,0.0611560745236759,0.0556173870221667
937212,0.318767788877431,0.324374560067301
937271,0.566994868079187,0.512274247277581
937326,0.188703952983739,0.199718993346975
937327,0.32780299568691,0.28225529187693
937395,0.593543240195397,0.543468240118479
937407,0.371337390543967,0.439464774598033
937424,0.419397444119468,0.396975453702314
937627,0.384816677955468,0.384185180967602
937722,0.0178685422472966,0.0140386313113978
937889,0.0403348242555034,0.0440545733636726
937971,0.330568031574986,0.32288852016215
938000,0.295378269592824,0.305503176099345
938006,0.352726532174858,0.34927310409594
938057,0.0268898828370022,0.0440545733636726
938088,0.200024695931439,0.190115442728172
938093,0.53784658938073,0.502422425762691
938140,0,0
938142,0.442373955203809,0.420119330837344
938147,0.0678942014250899,0.0622030930208013
938348,0.578215834072284,0.561456746510295
938445,0.403717190187398,0.42918850218717
938506,0.124011631034182,0.103162450199951
938517,0.243835723325272,0.254064290369481
938524,0.333935096127077,0.355266304276994
938534,0.127515342612668,0.116992563626985
938535,0.0352672807929299,0.0352672807929299
938546,0.113480484441532,0.162104151333789
938583,0.157576689821728,0.13782687566213
938611,0.253520870169972,0.236760778827342
938635,0.0714741689891863,0.0701931565569891
938735,0.24828176658071,0.235791389633111
938870,0.0206065147491311,0.016678252811039
938874,0.327296692092483,0.321970044344742
938955,0.078027431464087,0.0793950907404629
939007,0.389435849621764,0.392923314390794
939067,0.371337390543967,0.439464774598033
939069,0.232113189942609,0.274575627282085
939137,0.131755921321425,0.133532124133692
939187,0.494063151482582,0.487687171174743
939205,0.386131667366877,0.365592475491907
939210,0.0309097721236966,0.0250173792165585
939212,0.328090402331294,0.306399068911385
939219,0.0729879788271496,0.133559090598179
939277,0.380428075415638,0.406213876148559
939310,0.546192020248609,0.476370544442777
939318,0.50602690194077,0.495387001531271
939319,0.217872693891165,0.206812049182958
939322,0.514957469027252,0.519777698189051
939329,0.268028133709449,0.301830573195053
939346,0.543303597898214,0.545974626937695
939398,0.138984641322799,0.129048548185273
939417,0.357370844945931,0.365004414096343
939448,0.241613567852597,0.271591388401921
939450,0.321223774611712,0.337021781252309
939472,0,0
939524,0.499081212022778,0.476486947145625
939539,0.370408004037146,0.346518465459367
939541,0,0.00833912640551949
939578,0.336502976750046,0.340443409901539
939613,0.286110835919996,0.286700530572214
939645,0.713523937606278,0.668566335759262
939646,0.104732618555046,0.144037800478919
939731,0.39152378023349,0.383599814653896
939799,0.163284239851101,0.162445329341032
939859,0.357975977017065,0.325393890822159
939986,0.149876098863747,0.158223798824967
940048,0.510061370450671,0.500244065163659
940049,0.035306825504429,0.0611334049690463
940050,0.346641057666873,0.346908936179197
941527,0.136548005062152,0.158790181480926
941631,0.201344639877164,0.189601535299454
941641,0.175803210544641,0.188348003540055
941651,0.268894455448841,0.2583107367915
941655,0.21872693488753,0.204266045940923
941699,0.340441453324595,0.368786944284369
941825,0.435214030776366,0.4067135170216
941873,0.295712748125148,0.314135845416755
941969,0.201901786050027,0.17022170495077
941981,0.221056787234188,0.238821931159184
941993,0.0195068578660217,0.0317580362961851
942010,0.0749142099235669,0.0843989548998387
942015,0.305991132630355,0.306625947186761
942051,0.0178685422472966,0.0140386313113978
942056,0.0458670558927569,0.0333704322133
942088,0.136863827642928,0.169591121119995
942166,0.136742747186105,0.116805871942088
942654,0.502893578303637,0.478577630790488
942657,0.180080135114544,0.178927143084168
942659,0.0983201152505665,0.106988262413755
942661,0.0275868629534123,0.0561408070555026
942745,0.512809274519934,0.47755875115192
942778,0.190740557279998,0.192971510962067
942780,0.351357406800769,0.37694606628616
942807,0.0882711902220628,0.0706435694115173
942810,0.202806977881901,0.158388338835543
942853,0.191785320594154,0.207182803894061
942898,0.256922689227931,0.237124241716374
942901,0.092960431969539,0.0923431063960414
942926,0.0722148537355201,0.0648416605335155
942963,0.120676684499989,0.109161171181674
943001,0.0882711902220628,0.0834878547590659
943037,0.110593488800952,0.0944405386510811
943270,0.131139056841581,0.188692890576468
943279,0.0816597401645641,0.0993463097402325
943281,0.196442804024858,0.236600177020017
943282,0.0997155044021833,0.104676489415652
943283,0.0628616972879546,0.118300088510008
943284,0.170581250853017,0.194272319820103
943339,0.339038669625719,0.400125058624283
943401,0.133349797287626,0.167301589600791
943402,0.0440438895819311,0.0592810604290935
943427,0.0367032413182759,0.0228004078573436
943440,0.294044603539337,0.329440426508796
943566,0.52797873594357,0.555318966269891
943663,0.236731982468873,0.301249956280188
943666,0.415376345202692,0.416396035311735
943712,0.0518902241540006,0.0798643458203142
943724,0.442928920268475,0.508072536998154
943726,0.51052275577382,0.519451201103229
943729,0.295182359465449,0.322242030122283
943780,0.0216219375032206,0.0471929178183009
943781,0.208523267984344,0.253158078119947
943783,0.242444688950861,0.216759393140437
943855,0.054439826776376,0.0683005879464098
943989,0.0201455741006345,0.0269154383624034
943992,0.330023910761762,0.344145712029115
944011,0.492864058090144,0.530481316554866
944032,0.494464564118969,0.521752781826587
944054,0.332952044104742,0.331969222606032
944073,0.245093189171164,0.282621004118321
944114,0.331585180851282,0.343306526041328
944155,0.190835187581222,0.164015601017529
944198,0.503927841449968,0.4648199788824
944203,0.0399967350936565,0.0410920350809244
944315,0.502184370382425,0.497037069475034
944401,0.302650442323034,0.335689763413762
944412,0.202268704737366,0.239642872782606
944440,0.0611671962654943,0.041346874865755
944446,0.161164592805076,0.168221489765021
944521,0.618456896324961,0.623919434741476
944602,0.108072193901716,0.0987286621055296
944653,0.498577522010917,0.494834313601263
944716,0.207384015973509,0.231062932490076
944719,0.106884293703887,0.0893284517660806
944785,0.593865778777392,0.646373803660147
944794,0.171475375829678,0.177140474042193
944795,0.39639500623738,0.424087586146592
944855,0.338576941643984,0.363709810775065
944938,0.426637371220647,0.508263388720977
944975,0.349053120229844,0.321699095434428
944984,0.501150003948725,0.485545491856911
945010,0.134949553959326,0.134181892201376
945019,0.28243452774749,0.31121343346583
945044,0.237205422431267,0.246215071010444
945047,0.0450834817333716,0.0399368031464329
945061,0.104967421418617,0.117409752815731
945064,0.0697770694975288,0.100854976912411
945065,0.0634369358738926,0.0832011111063752
945095,0.216218270581322,0.226329379850239
945122,0.0858967911562446,0.0842291236900993
945131,0.328182593246652,0.347260700368369
945135,0.229054850769956,0.217399512444709
945167,0.529624435991266,0.547144546793982
945168,0.541014208808283,0.554391494433638
945214,0.187094418733364,0.238315798403956
945380,0.0921095157729514,0.100340060114885
945399,0.630824674148936,0.657778521196034
945572,0.108840269642197,0.146488258199344
945596,0.122233276689094,0.113447873188102
945617,0.0984547779739955,0.0978643791947223
945850,0.0516355629734671,0.0397871918825478
945855,0.0932387555230489,0.0974122799441225
945861,0,0
945885,0.18441272490524,0.15030716933407
945933,0.178222278740861,0.177039572443819
945947,0.18441272490524,0.216619155804983
945951,0.198035569640821,0.17611211890161
946123,0.357760686316165,0.327139133256504
946161,0.0766589301835435,0.0727419621550129
946166,0.135515123428224,0.135358775570065
946169,0.0628520122900317,0.0547893801078993
946172,0.209243487659344,0.199702393985505
946343,0.350204385954211,0.361069920638312
946368,0.0127764883639239,0.0306281945915844
946371,0.0629329491952088,0.0390945556244854
946372,0.0766589301835435,0.0612563891831688
946415,0.298816869481366,0.329355553585197
946469,0.0384142128148931,0.0348781567141296
946499,0.628065282029836,0.619097203574275
946578,0.0635718787657151,0.063186343747539
946604,0.180278565323567,0.172684931259925
946757,0.0121914962273543,0.0135503718569475
946769,0.168490782944789,0.184686212792083
946847,0.0563764991656059,0.0666167556457543
947068,0,0
947081,0.441364278830215,0.430148221639281
947967,0.188982236504614,0.182830022839721
948811,0.18784755647559,0.213257269342243
949392,0.600007026833949,0.594426434992884
949624,0.0492273889869978,0.0347260700368369
950179,0.487926034406495,0.547724038162547
950572,0.229058109749986,0.290122537154786
950574,0.184820467578218,0.229560810112244
950900,0.0896331632347507,0.0627806820854333
950901,0.140266876873934,0.12102678995895
950903,0.0766589301835435,0.0612563891831688
950924,0.0451717078094081,0.0487291592052235
950925,0.348403783169332,0.352720433944791
950926,0.176267292548118,0.162482303849541
950927,0.189065961932854,0.191980843766674
950928,0.361025998517847,0.358161732153763
950933,0.361620285339789,0.382346980737692
950953,0.0508575030125721,0.0394914648422118
951184,0.109535570186771,0.137542988902097
951188,0.268212917001794,0.223581135639634
951327,0.28448275862069,0.277865235001762
951328,0.206896551724138,0.182049636725292
951591,0.344965185825946,0.31393899456374
951686,0.189065961932854,0.211671186717102
951884,0.233127709499124,0.233126783784124
951943,0.159936890691587,0.213062515647229
952156,0.162618148113869,0.151601828638473
952259,0.223430858764153,0.20547314596588
952380,0.506408081164316,0.483285916025777
952482,0.246478564731503,0.222122711812749
952524,0.0369640935156435,0.028191678434837
952592,0.293094701387943,0.282949744525653
952598,0.14556506857481,0.136855860756558
952602,0.0508575030125721,0.0592371972633178
952638,0.399593519846797,0.455800246152707
952641,0.579526148192463,0.538738840141606
952846,0.0813090740569345,0.0758009143192366
953206,0.541566115810498,0.5848756594454
953371,0.528268221436117,0.573608740656814
953911,0.458649117207298,0.420015115002752
953918,0.26331807080992,0.296918043913125
953921,0.127630688943455,0.185380354297063
954021,0.0814888511260623,0.0690552271579749
954090,0.187639375938319,0.233126783784124
954118,0.438737106479391,0.458513634256579
954261,0.19754091793527,0.172373798605944
954341,0.126022181856182,0.125185882213391
954365,0.514544035421574,0.519016454996912
954374,0.134371708983211,0.16475103786115
954379,0.292051405571469,0.284205786646618
954400,0.432149390435321,0.425897679638645
954406,0.0967947180176359,0.0790962247319354
954408,0.0663885809658863,0.0618911873728522
954432,0.214175960971409,0.217313976038501
954469,0.162283197916611,0.167990365726313
954470,0.238625749500498,0.220799951424016
954474,0.489829500949713,0.5057448189553
954476,0.533102054715529,0.532972897492143
954477,0.169735503562725,0.148330452588065
954479,0.41142250378585,0.411394246471029
954487,0.233334629640432,0.218716767332297
954492,0.366909909911551,0.381469710781028
954725,0.0795944888234865,0.0633080151898738
954756,0.153689815325691,0.148557117264586
954758,0.13443742820308,0.134761863251029
954810,0.353553390593274,0.355697261244873
954828,0.0826250650629966,0.0625217126982406
954843,0.0805387266256829,0.0883400782568381
954959,0.203433367801684,0.18701161586
954979,0.0982365436741732,0.0884240373297541
955032,0.33786065417699,0.371607264863339
955081,0.0605385948463341,0.0848558674340838
955082,0.0345934827693338,0.0349406512963875
955160,0.374158521182941,0.382686391714015
955430,0.346006889943404,0.350498188489199
955442,0.309154685025639,0.329736710155879
955497,0.363667033426291,0.367548536194654
955507,0.138588458321011,0.109390858283783
955525,0.249956261481026,0.299262398645462
955675,0.293535435012671,0.296481257649001
955867,0.373481832171744,0.429828103131248
956437,0.316510434782037,0.298185683613261
956855,0.344657261545036,0.373179792988229
956905,0.126022181856182,0.125185882213391
957018,0.377964473009228,0.404837907716525
957906,0.568802407286092,0.531369671136157
957916,0.502118090008738,0.501924317567452
957933,0.209451271824024,0.208303706931084
957941,0.301631760704581,0.285217142569053
957943,0.444389384107064,0.472624440969621
957955,0.573908036738981,0.609538916298652
957980,0.0121914962273543,0.00677518592847377
957987,0,0
957996,0.179968508266339,0.176836871926864
958021,0.127820593958116,0.10465552058218
958042,0.429941997859118,0.443246910700999
958051,0.152733590422471,0.128456548476162
958076,0.112810657049285,0.106505510818052
958249,0.177915396411874,0.161044590361449
958257,0.472828847634484,0.438151595834998
958286,0.36258830309001,0.370179870384481
958341,0.0399930018369642,0.0353673743853727
958780,0.36785484859065,0.402451418444766
958804,0.293307708328141,0.311323800852768
958900,0.440430352151409,0.47995986302303
958904,0.127395890274869,0.113263990192267
958970,0.0446232960501388,0.0492657563566178
958971,0.346421704286812,0.365508996117345
958997,0.164526414929771,0.158855117380232
959038,0.264538165173802,0.247865569908143
959073,0.147594508659392,0.156388664184312
959191,0.100632619540495,0.120845785960604
959210,0.118736712435635,0.112559373141087
959224,0.230802840153149,0.217886900071077
959285,0.266034004644467,0.266250833992697
959302,0.346349555644087,0.386397179076431
959313,0,0
959342,0.3689618750554,0.37167383367908
959417,0.356444557481722,0.421067091217732
959425,0.20368260427527,0.177039572443819
959646,0.0852996750355132,0.0887760481863454
959650,0.0753949733132753,0.100438633087214
959713,0.408552221418289,0.416511205651942
959814,0.198761597999981,0.167640370028999
959864,0.403704822281157,0.431477597040834
959883,0.14149672960044,0.143436821212407
959884,0.351581276967315,0.367141638140024
959887,0.0959621344149523,0.11836806424846
959894,0.0232401079923848,0.0123124141861389
959895,0.405797159908537,0.398371598099099
960081,0.533413021579961,0.565518533285569
960087,0.0889438094309771,0.0947758204414549
960094,0.106816046719999,0.0783557240741661
960095,0.0980134653072579,0.0878838039513119
960137,0.308606699924184,0.312777328368623
960162,0.139682522633845,0.137122517129791
960205,0.436589579602978,0.468705476645666
960210,0.0475651494154494,0.0466338458138882
960276,0.292123719010123,0.312413990943616
960318,0.427183269075193,0.43396755334048
960321,0.0821661897846147,0.0870619156379623
960343,0.137568009680386,0.120473231430678
960373,0.382820746744389,0.383386182011092
960375,0.0225341086535445,0.0250086850792962
960408,0.459397911543041,0.4876120758874
960410,0.189978739897015,0.231372044790012
960419,0.0401240028234459,0.0504306550174933
960456,0.288922945726889,0.276827485818409
960483,0.324500608280368,0.369852088740841
960486,0.380984511208496,0.414670143399097
960491,0.183117304648314,0.243188134057486
960506,0.439196758500962,0.458385031224528
960508,0.154303349962092,0.163497239829053
960511,0.294040395921774,0.29713095621634
960512,0.0976919088668701,0.107560331486757
960530,0.148902470434031,0.139035265722797
960551,0.0107254410492594,0.0115610799316075
960577,0,0
960584,0.095055058765818,0.0781052195170902
960626,0.079670105184579,0.0559987342257425
960627,0.498633877228354,0.464710869549664
960636,0.326772699697062,0.307592210115125
960687,0.299231695032661,0.322465887064963
960787,0.164332379569229,0.158887996039281
960797,0.459198973981653,0.469812112724852
960798,0.337690816752985,0.322783009350433
960849,0.441701307984497,0.43794584174283
960919,0.536707304215972,0.547360324645091
960923,0.0601656837596186,0.122890974020829
961060,0.554159289030539,0.631429536539534
961109,0.0212717814905758,0.0231725442871329
961233,0.0676328599847562,0.0637394556958559
961239,0.144031702221101,0.136555666710923
961241,0.363555449003603,0.372723170135433
961246,0.249439014121961,0.239523137259851
961270,0.380048578063524,0.400694324424654
961301,0.435254762002636,0.452941031353018
961302,0.194774896257556,0.173985693500179
961398,0.364533309555798,0.339716825171477
961563,0.534815156997868,0.573386400869305
961764,0.159412179754205,0.163380929899837
961767,0.50401492010887,0.525216004946396
968937,0.328820696111917,0.363297601286918
970803,0.191446033415182,0.185380354297063
970808,0.0668684017145149,0.0776786234622781
971073,0.0603795717242969,0.0462057416908193
971367,0.0584247438020246,0.0618933378284522
971423,0.0106624593794391,0.0414288224869612
971438,0.154365892699226,0.117786771009117
971665,0.546997493512231,0.497126437059121
971802,0.493370288265933,0.468223737230102
971809,0.154303349962092,0.152834376361941
971936,0.149522291780419,0.168091628187352
971949,0.188968665556587,0.215052072818719
972004,0.0527764813192927,0.0753289748154102
972039,0.478822389517605,0.50981355668073
972632,0.353193824364838,0.366501870251172
972659,0.160496011293784,0.165300480335117
972792,0.183424012907181,0.170903886448172
973001,0.0954072071118629,0.108290782969577
973238,0.417121765343134,0.437358113935145
973241,0.0667078570732328,0.0414644214431365
973311,0.127820593958116,0.127228279923435
974378,0.371008165440505,0.362707689663575
974784,0.030045478204726,0.0375130276189444
974805,0.151852749682135,0.124199972676009
974809,0.162125454198896,0.150563845490762
974847,0.517099450570174,0.532462007540148
974897,0.287158428326469,0.307182041024772
975303,0.389906433682527,0.415636317853249
975437,0.318529348080212,0.326996720699174
975515,0.118247103905225,0.120989043429282
976128,0.364301423232303,0.373046219099502
976492,0.289586908330004,0.271685378392775
976757,0.0950745483056353,0.135979176075906
976861,0.168259994301996,0.149660273758602
977453,0.291039805017467,0.303703063783954
977455,0.352672807929299,0.341169864774354
977476,0.0376035523497616,0.0327709264055545
978335,0.0905995391230734,0.0952844536888633
978337,0.253577615183451,0.28080085969779
978615,0.252088379527965,0.281818304793469
978622,0.593403780374195,0.601333049552629
978836,0.110807528272968,0.119594709075281
978900,0.414672353223014,0.431049133665958
979875,0.332488672527042,0.346832397948224
979996,0.0531373932514016,0.056338251689599
980074,0.490354111302785,0.503994483216983
980239,0.474366983631878,0.50942003487282
980381,0.200123571219698,0.177704663327728
980388,0.218626635161381,0.211639949659212
980486,0.083384821341541,0.103661053607841
980494,0.0478236539262614,0.0422536887671993
980769,0.413419908207184,0.427918297710587
980782,0.250124059225235,0.268310919555475
981293,0.0881068553804065,0.10102992062917
981348,0.0418624462145586,0.0575159251290889
981368,0.326222347334602,0.278588410289118
981947,0.508375792053424,0.476259613197498
982129,0.369427558213626,0.409840397802548
982137,0.239484741009674,0.230782138264236
982250,0.196049890153327,0.189427765349425
984778,0.308643085892286,0.303442561799689
984806,0.264047278549127,0.274262830980686
984915,0.403610189243759,0.416776530664633
984933,0.473329058961208,0.484356833766648
984984,0.165472760449853,0.163522178921219
986085,0.0217687276308369,0.0409819489178307
986132,0.344174685490358,0.32674793080285
986265,0.0265897268632198,0.0405519525024825
986294,0.344576032287864,0.318986456315032
986296,0.0697153668201863,0.086708099487056
987822,0.619056043561736,0.619176375492557
988437,0.296833107710875,0.314713562498289
988438,0.490569081526612,0.485697452968782
988573,0.430797101779167,0.468031037337279
988753,0.150414209399047,0.159758266227078
988785,0.124360411339156,0.118220307360653
988805,0.182223299618562,0.188599958508014
988982,0.125468942791377,0.107824174304419
989515,0.292486995495418,0.283863667517378
989521,0.175954530606111,0.233229258219161
990005,0.360708586585367,0.362518154270181
990007,0.185007622471072,0.174880572945485
990607,0.0712068994916311,0.0678215101205719
990608,0.0749181030876554,0.0937097427420783
990630,0.339340880454642,0.351533954417286
990836,0.189693709724393,0.180426196430329
990874,0.415412828214393,0.451249679153399
990996,0.101004948353633,0.134032501323807
991005,0.0738052604655156,0.079869758744014
991064,0.130185854867231,0.169679324208156
991067,0.406901622354609,0.387549248357083
991141,0.377195470232912,0.386558875477104
991203,0.594773818815306,0.591996158206769
991323,0.365961976248399,0.382967527954765
991402,0.106274786502803,0.107042678210238
991468,0.419127460454278,0.435957451574569
991475,0.465854228136982,0.466270102008713
991477,0.359155504064109,0.377125782500954
991483,0.0578353619120979,0.0520483438769617
991497,0.125681807575793,0.108164293666857
991521,0.276806108353161,0.274167260451409
991730,0.135265719969512,0.147397491296667
991788,0.351703717433527,0.380448004744536
991817,0.548150967862025,0.564510059384827
994882,0.522944801942758,0.557133879180365
995051,0.0621802056695781,0.045036307565963
995070,0.119424329118465,0.183387773223678
995172,0.354945666067199,0.333482552002939
995285,0.189466186686269,0.169392709390927
995375,0.441741027226513,0.498697642293332
995377,0.12206002068101,0.119007391910909
995480,0.482676944838,0.48418889432893
995751,0.237989708314977,0.242305535607952
995867,0.250503360779546,0.268263128093223
995879,0.0775340327347577,0.0871630687781073
995912,0.0531373932514016,0.0450706013516792
995982,0.317699709683407,0.323512802775099
996390,0.206075565081747,0.195045374066198
996443,0.168259994301996,0.195709588761249
996570,0.488007567741304,0.4653334672472
996823,0.270695146001855,0.271094969113263
996959,0.608276253029822,0.633135597399121
997173,0.0600928551078556,0.0748301368793009
997204,0.549653736361544,0.554784536842484
997291,0.359418272576565,0.387194967775445
997372,0.106859341748482,0.0721293718555961
997471,0.435657316359197,0.484869666362618
997552,0.47662835258294,0.478642787118502
997564,0.0562971686388807,0.0563803208839841
997575,0.253058990150611,0.253396905560434
997605,0.374007696119688,0.418751075494988
997619,0.434368459016251,0.449797370672175
997631,0.124900653862417,0.0897297223931189
997652,0.277775425712123,0.320199494356647
997662,0.109649680638974,0.145679411095705
997664,0.420299547277684,0.434167129908376
997721,0.0416335512874723,0.0398798766191639
997741,0.0600928551078556,0.0978547943806243
997756,0.0687840048401929,0.0392238427913837
997757,0.208167756437362,0.206046029199014
997760,0.0509904784171504,0.0284915600439461
997761,0.129700363359117,0.134715019649629
997762,0.117961728647838,0.106346337651104
997847,0.258966975738851,0.242435379801132
997877,0.322939696641953,0.291020934734592
997879,0.0971449530041021,0.0564964918771489
997884,0.201745129152455,0.214663149046427
997885,0.174589831974768,0.185737448616487
998016,0.336576844309639,0.341593063458158
998090,0.157054071900457,0.144014645046691
998091,0.183009924368499,0.200977790769512
998127,0.140243299428242,0.126878307025894
998304,0.278227734943532,0.254684202501848
998537,0.470405569634917,0.499815191270715
998584,0.137806636069061,0.126790606729063
999436,0.128996840623882,0.118414808462702
999446,0.411113225896519,0.401356863030831
999533,0.415729149161211,0.405085418778953
603732,0.643602468866485,0.709843060976073
604158,0.098058067569092,0.10721125348378
604987,0.257769631113233,0.309289566856636
605365,0.35478743759345,0.276026223736942
605452,0.221839127354028,0.261035780335905
605803,0,0
606312,0.281773535768208,0.287064910562017
609388,0.595061644416558,0.62963491759101
610924,0.409852415662848,0.444950611371126
615804,0.183597018408631,0.227951363159043
616012,0.269679944985297,0.211288563682129
617221,0.220808104256779,0.204527952046455
618630,0.317220634287258,0.259827920984652
619315,0.138086192684748,0.188457138972618
620591,0.172516389835589,0.202432560072108
622500,0.231455024943138,0.33918692589874
624508,0.286038776773678,0.281958608718059
626515,0.192897128868165,0.336993573781038
628661,0.313529856431228,0.339200262649984
629692,0.0724523556002218,0.121791326939467
630113,0.403603676397788,0.384841285697726
631680,0.482242822170412,0.36487819155789
632872,0.289674359232348,0.370371873493823
644717,0.18394180184549,0.280744962537439
651582,0.173421993904824,0.148887500095639
657979,0,0
665780,0.201346816564207,0.216437344936087
667143,0.273998312175596,0.328194939661439
672891,0.0985329278164293,0.186953085854927
674413,0.291729982995789,0.404368042151594
678051,0.21320071635561,0.367484207629583
680021,0.260643017571343,0.243396191755618
681786,0.410304969931109,0.462910049886276
681989,0.171498585142509,0.196827132522049
682468,0.442484892690021,0.457939666183306
684236,0.273861278752583,0.357057474141961
693067,0.56980288229819,0.553571428571428
706032,0.537086155529575,0.537914353639919
707565,0.283069258536149,0.408248290463863
709407,0.346843987809648,0.347404166889826
710243,0.419590679148345,0.472455591261534
714747,0.243856555002066,0.242358957081577
717507,0.488901207038705,0.47385836652685
718652,0,0
730866,0.167836271659338,0.14173667737846
732890,0.160903597341826,0.203528740525914
760435,0.121267812518166,0.104383350095883
763235,0.186953085854927,0.197065855632859
778830,0.21677749238103,0.248145833492732
784751,0.341328074393144,0.32381224333252
927246,0.288675134594813,0.315352998736582
927950,0.597614304667197,0.60075140918611
928330,NA,NA
928334,0.304997140665209,0.235180217095899
928447,0.179605302026775,0.266996495693991
928678,0,0
928790,0.47553610303479,0.500260348885125
930253,0.273550602216097,0.305279778741747
930279,0.323380833381777,0.349927106111882
932035,0.477396037629331,0.504843794294005
932329,0.258198889747161,0.258198889747161
932336,0.223606797749979,0.280975743474508
932621,0.21320071635561,0.21320071635561
932979,0,0
934605,0.372677996249965,0.372677996249965
935661,0.301511344577764,0.364246398192887
935684,0.659380473395787,0.6213697660012
937288,0.176776695296637,0.218797487246842
937723,0,0
938603,0.442807442770048,0.378605091219783
938642,0.0861460984507896,0.119898129866036
939162,0.464293939520482,0.5
939441,0.233126202060078,0.263624865098248
939442,0.211603684757579,0.14484136487558
939444,0.39605901719067,0.549819293250178
939932,0.272165526975909,0.297317658498866
942210,0.247536885744169,0.291080802308918
943228,0,0.0674199862463242
943325,0.444444444444444,0.515862559679244
943655,0.254513905190311,0.282466341433016
944059,0.167836271659338,0.242061459137964
944700,0.428746462856272,0.429475370009631
944907,0.279751442472094,0.285593603856436
945075,0.21320071635561,0.234146452895424
945401,0.209916050366424,0.230821767874241
946568,0.058025885318566,0.0384615384615385
946789,0.0344010458076891,0.0439586982263858
946860,0.64450338663549,0.602763781115103
949770,0.316227766016838,0.226575756672119
950873,0.335012605086404,0.310880914179029
950918,0.312771621085612,0.321412173266613
951210,0.390360029179413,0.337099931231621
954342,0.177646236673731,0.17025130615175
954343,0.0398409536444798,0.110096376512636
958279,0.460043706228236,0.524404424085076
958463,0.356290618991501,0.378635614951833
958853,0.167248402001418,0.121987509118567
959034,0.0659380473395787,0.12427395320024
960101,0.310834936080105,0.322208168453414
960338,0.337569975519288,0.427681414612633
960449,0.381770857785467,0.451946146292825
960564,0.508881689075862,0.420230319492903
960801,0.179953937687174,0.194716953404494
960829,0.410304969931109,0.326356975932253
971431,0.522862326927363,0.486238179092627
974870,0.272797735788189,0.275208366461513
976762,0.674093847860422,0.498003515220584
977060,0.16151457061745,0.355142402602289
981422,0,0.105539631709544
988055,0.31362502409359,0.255996055794858
988967,0.0485642931178632,0.053037152278382
991034,0.223606797749979,0.197185543378866
991144,0.338240712601273,0.307749219245128
991348,0.194624736040381,0.209289309074031
991492,0.244796024544842,0.27679808383598
991771,0.295530880437205,0.355477473346121
995177,0.246182981958666,0.326356975932253
995452,0.147087101353638,0.187619693596614
997430,0.177972492663323,0.211572849077723
997903,0.207390338946085,0.251951629930135
998014,0.389103931050405,0.395102764721111
604138,0.264978866715134,0.258428706338939
605497,0.347236917251765,0.312260304434931
605744,0.154010275908424,0.168376113103722
605959,0.246416441453479,0.229603790595985
606350,0.0502995454827857,0.0749882839958669
610762,0.217895321116215,0.251637929727368
611171,0.348485473495226,0.313885168145344
611772,0.0585205735980653,0.072975638311578
614182,0.301797272896714,0.274957041318179
617354,0.0889178742536973,0.097211994225537
618629,0.261364105121419,0.303061541657573
619843,0,0.196220982050318
620816,0,0.0129586308115671
622441,0.103881504159667,0.138873014965883
623147,0.28347335475692,0.2896492520289
624642,0.135622245201122,0.20628073812014
627045,0.437469989932722,0.428814589685217
630993,0.146132433160318,0.186704011203735
632666,0.37886012467506,0.371364328180799
632843,0.251869883944942,0.297044262893002
633254,0,0.0579527587799745
640407,0,0.0673710069545369
640907,0.438397299480953,0.420084025208403
640915,0.0546358364708153,0.139720837209765
674104,0.223606797749979,0.176335050129096
687477,0.111803398874989,0.0652328073053443
708705,0,0.0622572806364691
716879,0.160128153805087,0.244948974278318
723514,0,0.21483446221183
730056,0,0.1
737237,0,0
929921,0.127000127000191,0.127000127000191
930069,0.20726656075604,0.216443731609747
930837,NA,NA
930853,NA,NA
931333,0.267261241912424,0.267261241912424
931334,0,0
931422,0.534522483824849,0.534522483824849
933016,0,0
935579,0.123091490979333,0.1
936124,0,0
936476,0.241684122261416,0.341792963512332
937320,0.324442842261525,0.270369035217938
937398,0.471081530331192,0.437903085761918
938056,0.257247877713763,0.384900179459751
938218,0.176776695296637,0.112508790092602
939074,0.134839972492648,0.0962250448649376
939134,0,0
939278,0.206284249251759,0.272165526975909
939528,0.202259958738973,0.231869447880084
939538,0,0.0536056267418898
941861,0.0486216638326315,0.0384900179459751
941974,0.201687793635844,0.214963685960184
941992,0.152894157431288,0.327326835353988
941995,0.184114923579665,0.147175574806061
941998,0.193347297809133,0.273434370809865
942016,0.225493808400849,0.210294618844138
942135,0.190476190476191,0.21650635094611
942613,0.0604122093330177,0.059215412224577
942729,0.0674199862463242,0.240562612162344
943086,0.179786629990198,0.160375074774896
943280,0.198679853559757,0.309057549981843
943428,0.243332131696144,0.21629522817435
943660,0.0531494003452734,0.169943715464835
943662,0.523809523809524,0.505181485540923
943707,0.235302425908485,0.241834146705207
943856,0.0394668518981929,0.0279072786092974
944469,0.297802168203761,0.316227766016838
944900,0.286671054522511,0.317063243737114
945458,0.482857312226766,0.493333035021687
945622,0,0.0604122093330177
945656,0.157740972387794,0.138325634849467
945804,0.215003290891883,0.225281778444792
945832,0.06043978852155,0.114919756565278
945858,0.140449376635357,0.131817626002074
946021,0.412081691846067,0.425384979697663
946119,0.283735185262517,0.289966752385147
946375,0.153429102983054,0.220763362209092
946472,0.0893534103217541,0.0952500952501429
946762,0.310066204593264,0.311085508419128
948787,0.103279555898864,0.115327761665773
950801,0.140385288392624,0.194939259576905
950884,0.190093906307749,0.176261059695693
950961,0.194314467022904,0.177359270069573
951202,0.0348790053207578,0.0512820512820513
951732,0.357507412723115,0.400764088566469
952299,0.0384900179459751,0.0573068255061253
952625,0.183664190658222,0.24096579867075
953017,0.134030115482631,0.158750158750238
953031,0,0
953908,0.183198372906575,0.168430384213304
953912,0.320530382378016,0.343807082086264
954042,0.157956005901641,0.157154639273428
954047,0.29970044925131,0.254554918000079
954262,0.444756359345296,0.462885595460633
954294,0.151099471303875,0.145864991497895
954304,0.0395671294124465,0.0477455260559423
954334,0.152498570332605,0.141585060279569
954407,0.203564132804341,0.182971597217362
954473,0.219386575185264,0.236042821562001
954724,0.304306982709939,0.338262550528924
954755,0.106843460792672,0.162521078319231
954814,0.278809453669781,0.261581352530044
954818,0.296093284079042,0.337793717939746
954862,0.262628534277421,0.290389738309869
955068,0.103176431004552,0.0916544468883458
955106,0.180558754257965,0.173980051431088
955111,0.171062544690206,0.131791357733648
955236,0.189345852481252,0.179398740368981
955261,0.442276816524595,0.39288659818357
955441,0.160102815067084,0.203541915186284
955479,0.10068701555503,0.10362697139301
955661,0.0893534103217541,0.0635000635000953
956128,0.355829997442744,0.377560160745518
957669,0.299822642609388,0.249920318723076
957674,0.471404520791032,0.432815150578551
958118,0,0.0148038530561443
958334,0.269430125621825,0.286534127530626
958943,0.119665404646508,0.124963846709295
959289,0.0345444267926733,0.0240493035121941
959349,0.252198811025519,0.22817812147476
959413,0.386218432760913,0.473227721690156
959661,0.224958263568862,0.212047232419993
959697,0.364071235483699,0.500795387259605
959706,0.0803291311635887,0.079124405838635
959832,0.0694733474291874,0.110703744963466
959926,0.0489246054790082,0.0378686468840121
960170,0.0245885119802452,0.0320585281818751
960354,0.244804162575281,0.262361681667976
960531,0.24372336781613,0.218922432631106
960593,0.225348477675782,0.17992804317122
961230,0.119454620641874,0.0793550831336189
961434,0.0350715311915947,0.0680064080167917
961521,0.241092806611402,0.233821984410132
971669,0.155922527039606,0.192398790224838
971686,0.211070628024667,0.267659842047282
971975,0.0970919546725771,0.123770549551055
972801,0.401645655817944,0.424394540407224
973240,0.143178926529186,0.157326498942844
974362,0.175357655957974,0.226688026722639
974793,0.276067166046193,0.269420871001217
974804,0.427204600559339,0.412568498503517
975512,0.121706924923626,0.124678414697451
977135,0.356277835293241,0.397050694157992
977451,0.180687923657736,0.170141911225495
978284,0.3674521697397,0.349128267637672
978341,0.159111456835146,0.182053423450812
978737,0.245322760819823,0.263184339755489
979375,0.0649569802461631,0.0470230410572399
979859,0.271362677064628,0.260238122874061
979877,0.198889321043932,0.182053423450812
980482,0.231259621763566,0.315489968538741
980488,0.22938001880319,0.31628249090537
981298,0.171624826296992,0.149626400416145
981383,0.217574178242918,0.295067240839974
981421,0.241666837915904,0.233373997039859
984907,0.318774905262373,0.407231481187684
986263,0.339669614420642,0.297047453812193
987422,0.184490021989763,0.209437373138125
988754,0.0375029300308675,0.0407231481187684
988778,0.389630267184424,0.414714717190468
989573,0.21652326748721,0.211603684757579
990143,0.142036425615908,0.208008573458049
991127,0.168496786890519,0.31837497567969
991326,0.258504994051154,0.262053360363188
991432,0.106265452046372,0.133218591217584
991517,0.159398178069558,0.180796659509579
995602,0.460449925915531,0.416594347536266
997197,0.239603035499511,0.263837174760668
997544,0.22411673409695,0.204088814354085
997545,0.360128068307146,0.337534715285912
997634,0.284072851231817,0.249610288149659
997845,0.112823420601631,0.203654569856729
998531,0.125522051160045,0.10392354040105
604155,0.791807582464896,0.80752167447868
604291,0.854413013871008,0.826512291556142
604347,0.677119314476951,0.683470092463617
605586,0.561162015620603,0.60163525540376
605593,0.61588176205144,0.675882347240438
605961,0.752217203341651,0.774561606132612
614995,0.659472632756381,0.623249568680285
620598,0.74961891121636,0.700679346772529
620887,0.831479419283098,0.886866089812014
621031,0.532733546387442,0.613629819157923
625403,0.69710911851026,0.727783800795531
628146,0.479616460186459,0.511064646317834
628160,0.290928682725856,0.282573722672946
630985,0.356416844485452,0.345874119080916
631651,0.504184173365516,0.530501781225502
632913,0.575766314849235,0.566820816838435
638789,0.77812053197112,0.789440689232461
639950,0,0.0155136677443883
641560,0.857321409974112,0.879773494452803
651288,0.740958573634948,0.742152954244443
652367,0.518562978841731,0.519398871142285
660637,0.577350269189626,0.641368094513135
662534,0.628539361054709,0.72550244011562
663509,0.249485066394583,0.31803018875996
664645,0.604470524826989,0.653068467094327
669064,0.479617686047926,0.507415613776985
671114,0.477213572231833,0.514919368285912
672726,0.498970132789166,0.574005706542366
673024,0.154919333848297,0.130225398905021
676832,0.597565912885696,0.617821551931904
679614,0.6985354731357,0.7052048574852
698630,0.566138517072298,0.646574150692592
702725,0.623115811760633,0.620813379904975
706231,0.373001923296125,0.368300368300552
710073,0.435613402163637,0.49212636237033
716478,0.527644853011086,0.563490834324725
722791,0.678400525299968,0.719350001265606
734964,0,0.0732252025938213
739660,0.574988908499946,0.62520774027411
786046,0.392232270276368,0.49534006609204
799987,0.355334527259351,0.54248898080449
872798,0.383325938999964,0.393649317950366
887306,0.31943828249997,0.277870106788494
927143,NA,NA
927245,NA,NA
928101,0.447213595499958,0.447213595499958
928379,0.712696645099798,0.753778361444409
928392,0.702781928498727,0.741619848709566
928393,0.356613758953594,0.348155311911396
928661,0,0
929248,NA,NA
930270,0.612372435695795,0.612372435695795
931589,0.766261028176921,0.74740931868366
932101,0.322329185610152,0.273434370809865
932153,0.0369043892539032,0.0406536815830697
932650,0.693375245281536,0.693375245281536
932731,0.553001263609331,0.527409631633922
932810,0.803526135380037,0.764558616683835
932887,0.535129551009507,0.518805241400541
932906,0.693375245281536,0.693375245281536
933000,0.624037720753383,0.624037720753383
933035,0.605608931283572,0.604122093330177
933691,0.360667853866973,0.360667853866973
933706,0.0403238919272756,0.0548614782048403
933864,0.318727629155838,0.303389938108459
934329,0.749402818601065,0.768921891945085
934753,0.294174202707276,0.294174202707276
935893,0.49029033784546,0.49029033784546
935894,0.0800640769025436,0.0800640769025436
937016,0,0
938148,0.599264331016024,0.598923320272641
938450,0.749402818601065,0.768921891945085
938636,0.502714693476577,0.534912503930609
938743,0.820675004302292,0.795932065821664
938972,0.325395686727984,0.279532696009837
939160,0.669581573368648,0.678703004128209
939509,0.503018796294943,0.505795855098982
939534,0.720704988517058,0.740359995025151
939739,0.685994340570035,0.674601052538891
941689,0.626550364677193,0.62505411021178
941954,0.35921060405355,0.38612628950951
942008,0.66548077779413,0.670596898193509
942026,0.815044169613047,0.821310111833608
942032,0.478775898549121,0.554016521928131
942038,0.366617787553383,0.416157449651888
942063,0.0435194139889245,0.044445663820947
942072,0.535463226756677,0.585974350379549
942347,0.0898026510133875,0.144153814750217
942716,0.605975440931389,0.612825877028341
942736,0.493864798324795,0.51513340785727
942792,0.71235927143097,0.704762450552475
943020,0.540494987451941,0.553325160272535
943309,0.493463771219827,0.502331014967353
943354,0.76149961050859,0.777377994776408
943413,0.490098029409803,0.512822594068371
943627,0.242783692632155,0.209895947209204
944160,0.555625555625833,0.535143734704886
944359,0.323799668832259,0.323615410967973
944519,0.828394810522151,0.845538805090787
944703,0.271964146610211,0.272834444794604
944937,0.528762645014139,0.528461753181742
944952,0.51225934696618,0.516960764430658
945297,0,0.0369421431146753
945382,0.752854347066336,0.758673481098274
945385,0.501126242852151,0.510315448359554
945406,0.44866998231316,0.431806716492714
945662,0.449086469484821,0.484882574559152
945664,0.76149961050859,0.777377994776408
945865,0.453611052569255,0.483063201289942
946588,0.69088172232346,0.715973796061876
948030,0.67719917757972,0.66974248839128
948965,0.478130181207487,0.49184458690892
950870,0.650470697377256,0.66471099582044
952474,0.525600330824247,0.544831588360061
952495,0.215264192955723,0.266076042095096
954510,0.478051035379399,0.488234288437161
954984,0.411586722426498,0.417343971231832
955086,0.763631147950686,0.759630470064165
955135,0.703166145594272,0.725340497225473
955192,0.136074014154131,0.132646767714612
955477,0.809009444488214,0.83103708670155
955677,0.621164027337746,0.631509341053707
955761,0.196653931765217,0.218765644194069
957702,0.785409109878106,0.805709784867444
958272,0.346153846153846,0.298153860267639
958377,0.442589257271327,0.466443195855611
958818,0.368433130822338,0.357309686125254
958864,0.446958263708948,0.450074588718161
959411,0.661323973246367,0.667393477094198
959867,0.559819826635255,0.585410784382273
959893,0.455353862440463,0.465403073159719
960122,0.439219063596711,0.513210389500479
960191,0.333333333333333,0.424476359978009
960422,0.473848826399701,0.449761077750767
960499,0.470277206652584,0.478387491708057
960507,0.208893187146837,0.292321701899004
960538,0.0776150525706333,0.08862184533097
960619,0.423076923076923,0.420923096848431
961030,0.69715617437575,0.748983050379711
961244,0.748455199183749,0.754808673472115
961700,0.589874399536813,0.612967763539209
968929,0.0311777719367575,0.0436898351646309
970793,0.595161211328393,0.633719065957997
971360,0.392540507864431,0.474694765763676
971450,0.538288294841591,0.534944337452767
972982,0.0736321040510724,0.05838476701938
975296,0,0
978017,0.467666579051362,0.50971474358736
979301,0.552535926574701,0.600661091000351
981382,0.836607740184211,0.842439695972484
982128,0.619692072597498,0.645669640492876
984916,0.395559497062417,0.43265965437988
984988,0.597022314125993,0.671064842241769
989950,0.53654336998866,0.470148206398568
990993,0.67028625796877,0.6668923796635
991782,0.0263706331374945,0.0370851132325612
991786,0.718850757447785,0.75071880548121
995429,0.391964747951093,0.448780126225433
997559,0.475084549478938,0.527361093537097
997577,0.404519917477945,0.473447507515755
997604,0.179712689361946,0.189968562804069
997709,0.566220858504931,0.554338945652086
997715,0.533939049977532,0.538555821509113
997924,0.234082294392261,0.280017996194666
998009,0.348812652262916,0.280124115534099
605252,0.213980246255457,0.227494253962536
605747,0.20138934414237,0.19898357971251
605819,0.165900379082799,0.238467057929605
606290,0.338357771165982,0.283953818414837
609390,0.195005979767235,0.239441628151271
612200,0.184987924793462,0.129019827570372
615810,0.0875189948987367,0.100156617167227
616326,0.276910348195758,0.351147493610312
617357,0.166950838512692,0.143622299186547
618273,0.154156603994552,0.186361973157204
619747,0.0494166211107401,0.119403517058512
624639,0,0
627222,0.178017248729078,0.200122561547607
627288,0.195515471751444,0.169588787704944
627462,0.143838990445615,0.171447138138159
627574,0.408248290463863,0.463024504097417
628132,0.0729324957489473,0.215041332228188
630380,0.139723929849787,0.127342907993403
630498,0.138250315902333,0.189343234420061
631927,0,0.0489848966109025
632139,0.0510310363079829,0.0817102066054265
632147,0.0652328073053442,0.0839838766433781
632378,0.384174909963916,0.375980393829921
632493,0.169321365369649,0.170057913878354
632833,0.265165042944955,0.283052458675098
632865,0.159900537266708,0.111414129455397
632876,0.287677980891231,0.465356517803574
632920,0.465068150395921,0.385286931557801
633248,0.173277294677372,0.171394217378355
634475,0.0587220219514704,0.109989001649725
637335,0.0883883476483185,0.141526229337549
639691,0.301297430861884,0.258603273534094
640098,0.345708652561155,0.458078667451094
645152,0.486512772567328,0.495884703680464
645626,0.125,0.12231285792042
647145,0.0978492109580163,0.251951629930134
649290,0.259281489420866,0.17177950029416
650816,0.260896966043602,0.243270071872502
652995,0.0789337037963858,0.124840865626124
656451,0.101129979369486,0.140928965041563
656452,0.236801111389157,0.196178503126766
661935,0.0917126760773614,0.165773689198661
663204,0.452267016866645,0.425421106872697
664912,0.21399624418051,0.221031585598215
668444,0.27626796328735,0.285350550002569
672341,0.496528831492336,0.443425242083764
672739,0.301836249138172,0.390774949404416
672903,0.219776902317903,0.198159066678278
676300,0,0.0682192680128867
679855,0.0868744485526139,0.104438998286089
690620,0.370210531405377,0.405173456418688
691940,0.0712470499879096,0.166211292409452
697075,0.151137816557964,0.208940679062228
697675,0.171498585142509,0.131306432859723
702679,0.342997170285018,0.304997140665209
711378,0.242535625036333,0.323498319610315
711402,0.112272178284768,0.166389581409931
713750,0,0.0871213683738064
717252,0.282958229209055,0.287554061875836
726154,0,0
737969,0,0.0880450906325624
761141,0,0
800883,0,0.100503781525921
927448,0.156402811772464,0.156402811772464
927449,NA,NA
928262,NA,NA
928263,NA,NA
928289,0.0971285862357264,0.0971285862357264
928296,NA,NA
928311,0.24571804673358,0.24571804673358
928316,NA,NA
928333,NA,NA
928412,NA,NA
928463,NA,NA
928676,0.146301433995163,0.146301433995163
929261,0,0
930083,0.134231211042805,0.156412377401155
930760,0.311286403182345,0.290020946713699
930852,NA,NA
930863,0,0
930953,0.118678165819385,0.118678165819385
932128,0.0890870806374748,0.138342892773215
932164,0.0839181358296689,0.0839181358296689
932196,0.163663417676994,0.163663417676994
932214,0.301851714971648,0.319744306790973
932239,0,0
932465,0.0938416870634782,0.0938416870634782
932685,0,0.045501575519329
932715,0.289662061010829,0.289662061010829
932867,0.165521177720474,0.165521177720474
932932,0.24828176658071,0.24828176658071
932938,0.370116605098803,0.370116605098803
932993,0.331042355440947,0.331042355440947
933010,0.32479917717646,0.31391999874432
933059,0.291271964716344,0.261070133265935
933142,0.358629218394359,0.358629218394359
933693,0.308166775680683,0.308166775680683
933705,0.103142124625879,0.103142124625879
933709,0.206284249251759,0.206284249251759
933860,0.15593623511709,0.15593623511709
933868,0.202721213519846,0.202721213519846
933907,0.239033906345439,0.246044948316214
934381,0,0.0483368244522832
934868,0.134687005940295,0.131351734373183
935088,0.372422649871066,0.372422649871066
935184,0.228802157661215,0.166666666666667
935290,0.331042355440947,0.331042355440947
935371,0.209426954145848,0.249029122545876
935581,0.11642257885595,0.141308354736055
935644,0.0548821299948452,0.0799360766977432
935845,0.12456821978061,0.160760324261119
936391,0.0762492851663023,0.0986671297454823
936427,0.0254164283887674,0.0197334259490965
936447,0.204124145231932,0.267025873093617
936582,0.234904619324909,0.192338814733738
936838,0.124140883290355,0.124140883290355
937279,0.138260225964057,0.174890727432368
937756,0.168358757425369,0.183892428122457
938066,0.120096115353815,0.116642368703961
938113,0.0803219328902499,0.116116949957428
938344,0.221803487683567,0.253831134696725
938464,0.098058067569092,0.0952380952380952
938657,0.0671156055214025,0.120211759208586
938798,0.429141075422874,0.391786703541293
938801,0.249493040311557,0.256079574371983
938830,0.234904619324909,0.216381166575455
939022,0.164646389984536,0.199840191744358
939214,0,0
939307,0.1898315991505,0.255007650344267
939471,0.313184117074509,0.389741881476979
939512,0.169790543991204,0.197674339530124
939542,0.305128576629365,0.318774905262374
939619,0.439057039958761,0.439648421837588
939852,0.142373699362875,0.204006120275414
939988,0.0547996624351191,0.0785219923048942
940560,0.309993703316851,0.349930821763942
941592,0.134231211042805,0.144254111050304
941593,0.285175912736015,0.253831134696725
941633,0.455490136411115,0.450815794366247
941650,0.193113483940293,0.210962071137619
941762,0.176166065854411,0.129913960492326
941823,0.332205298513375,0.323009690436072
941937,0.13067430407696,0.155581968316883
941947,0.147264208102145,0.174150967248043
942037,0,0.0229657606087313
942052,0.127342907993403,0.136851465828547
942162,0,0
942522,0,0.020571603220883
942640,0.303448564517202,0.277035034852772
942739,0.0991058861662888,0.121799008560105
942984,0.136797113611354,0.178742501350791
943048,0.221645769312902,0.214879426303915
943135,0.147264208102145,0.116100644832028
943140,0.180961198451659,0.188329446172303
943565,0.220763362209092,0.240282498000346
943652,0.138842026900125,0.184714994836931
943720,0,0.0276500631804666
943743,0.310812805751401,0.288796707619615
943748,0.0415585817461692,0.0515710623129396
943896,0.0245292624676769,0.0150176561250216
943927,0.0587220219514704,0.0811962253077039
944146,0.175243181735329,0.211999576001272
944243,0.0848952719956017,0.136020325878112
944252,0.252490231842689,0.290926402747308
944281,0.355934248407187,0.400925916116765
944510,0.40464154102774,0.444512857350945
944714,0.212642285082441,0.274775137752986
944734,0.117545419876847,0.109398743623421
944801,0.0850230301897703,0.0837884231835759
944908,0.124341182825498,0.126788616280052
944951,0.330236295956903,0.383521663260356
944960,0.297334421538854,0.270146966157703
945071,0.475917539243653,0.453481158693857
945118,0.159079996339172,0.167536345822529
945190,0.21632615420166,0.222294685634243
945209,0.0407908508224002,0.0251497727413929
945390,0,0
945505,0.146124307243045,0.173621698730472
945632,0.104816730941209,0.150761600433132
945802,0.238619994508758,0.206198579473882
945921,0.18943006233753,0.167412382545606
946131,0.120546403305701,0.167412382545606
946181,0.212036804832185,0.243551333563765
946195,0.16975090042875,0.145966098344307
946237,0,0.035567149701479
946299,0.123022474158107,0.186199723072996
946384,0.0994249977119823,0.154648934605412
946395,0.20028058937537,0.171666108314799
946407,0.312569342780139,0.34527065131589
946531,0,0
946532,0.0193311168256765,0.0343468922191233
946583,0.0183927973194427,0.0116977067723933
946790,0.0471012174055732,0.0726011403115054
947077,0.295575068195252,0.350955051542612
947988,0.173060923361328,0.195619323358134
948805,0.354049407218406,0.381499703480653
948807,0.242827309597586,0.21238172967061
949120,0.195802599949451,0.154996851658426
949453,0.227229615606418,0.288002445092362
949620,0.312426910618951,0.388092388723625
950919,0.116310526299809,0.133424876998998
950923,0.167412382545606,0.131468439624436
950962,0.133929906036485,0.15203143725879
951177,0.17344807828399,0.191143556703549
952255,0.343409674547477,0.375441403125541
952468,0.0490585249353538,0.0600706245000865
952480,0.0344418295159145,0.0223216510060808
952615,0.212055684557768,0.218132062153917
952624,0.0652675333164837,0.048436516143258
952844,0.0379868588198793,0.0242091013067521
953866,0.259714112111559,0.299538684943515
953920,0.0708098814436812,0.0867044780637848
954025,0.0947027447620757,0.0701103001560182
954052,0.282138246343439,0.271639900040693
954120,0.113614807803209,0.102858016104415
954363,0.195802599949451,0.154996851658426
954383,0.318606907935679,0.296925516430974
954411,0.196234099741415,0.150176561250216
954506,0.211380010803347,0.245652944042602
954744,0.200744881535462,0.153392997769474
954837,0,0
954981,0.31252705510589,0.38786538958711
954982,0.0315440148938256,0.0433860915637312
954991,0.227229615606418,0.164572825767064
955045,0.167412382545606,0.138811312279765
955249,0.209358947339656,0.177899835998664
955263,0.323422309140466,0.329794945204369
955340,0.227229615606418,0.185144428987947
955428,0.203419051086243,0.329056749408265
955439,0.261482816489175,0.284565605897438
956707,0.232274682055817,0.248397317323459
957942,0.120668016294452,0.140449376635357
957950,0.30177937854,0.303160358099714
958083,0.251726710211021,0.228281058678692
958254,0.281439017892117,0.329830500578605
958262,0.254101887984041,0.247529395861242
958432,0.22868003213468,0.184753587376298
958446,0.227229615606418,0.246859238650596
958531,0.179685824470644,0.193181841760272
958702,0.279246019398989,0.231729648808663
958704,0.167412382545606,0.187812056606337
958777,0.464862370119644,0.373987691682455
958882,0.254101887984041,0.302535928274851
958912,0.288451730613514,0.35672186537524
959011,0.100140294687685,0.106843460792672
959013,0.163501294390371,0.192628037146283
959188,0.18131936556465,0.221744872496128
959291,0.209732742889321,0.250690057243398
959424,0.216020700681812,0.258829584134404
959888,0.040056117875074,0.0534217303963361
959972,0.270583683542129,0.229258545956341
960208,0.0641060764756032,0.0361839930081597
960221,0.0755497356519374,0.127929734132382
960344,0.280392825125518,0.299161690219482
960358,0.188795032658266,0.228281058678692
960362,0.0709872786420452,0.200125117309704
960381,0.0906596827823248,0.0511718936529526
960401,0.16886341073527,0.172768357445936
960428,0.0314658387763776,0.14048065149458
960521,0.146087177447694,0.181820263058351
960558,0.104684784518043,0.206808746028326
960591,0.138758462627192,0.194311217676871
960629,0.0383412020749577,0.0719739648221575
960731,0.208918320609918,0.192628037146283
961213,0.177997663795994,0.173835937270313
961399,0.232375784520868,0.245356643321726
961698,0.0872373204317022,0.167416603927692
961775,0.0490585249353538,0.0523423922590214
971262,0.0946497048560603,0.162601657814134
972664,0.272502157317285,0.354841121058943
973379,0.3483197041352,0.304019307465845
974354,0.269821887144446,0.340225549683639
975164,0.266996495693991,0.273170758567634
975175,0.106843460792672,0.0964906480217591
976277,0.436003451707656,0.486639251737978
977020,0.0725476250110011,0.113751031312251
981301,0.388961350252084,0.372346087622817
984805,0.0939163812085859,0.138521026740888
985985,0,0.0251896360929939
986202,0.389053234504774,0.336557287615944
986258,0.393291701632642,0.393233502971739
987007,0.39914462013649,0.327413335933008
987827,0.166956774225937,0.191389750587738
988394,0.119697474409935,0.151931126148172
988758,0.145142412464341,0.143381922272362
988954,0.18145751367274,0.203316146992996
988956,0.143921727864275,0.17817416127495
990635,0.450829768763261,0.40439801622627
990875,0.0669274481410255,0.123821099093514
991039,0.118056267220191,0.135332990490192
991045,0.375154289247425,0.350869906319721
991145,0.279246019398989,0.297938119896853
991333,0.423400865236394,0.385230594302518
991339,0.0604858378909134,0.128410198100839
991352,0.150586758317307,0.194576012861237
991753,0.141133621745465,0.192615297151259
994906,0.180736009766955,0.209947955641736
995068,0,0.0191389750587738
995478,0.103299233817667,0.135332990490192
995950,0.195515471751444,0.248917708871452
996445,0.323728868388559,0.365556178116055
996719,0.0417391935564841,0.0382779501175477
996875,0.125217580669452,0.133972825411417
997301,0.0339226765776379,0.0899915411926731
997304,0.203025890455188,0.265242964654798
997359,0.169932355211106,0.158974875123199
997427,0.145095250022002,0.151668041749668
997428,0.19346033336267,0.214863059145363
997443,0.392418648177252,0.486564239906823
997571,0.0829501895413997,0.102200167684116
997600,0.0829501895413997,0.138851705241378
997628,0.287347885566346,0.295026471618247
997633,0.0394899251839395,0.0619182187623036
997708,0.196879323164999,0.286106390242716
997720,0.217214584276799,0.23788698638712
997752,0.338642730739298,0.410276596797913
997753,0.189990148914337,0.207362532702508
998050,0.146087177447694,0.12440333788203
999086,0.21543793099105,0.280565858874847
999501,0.139686059153916,0.111206493660319
